L,type,beta,wall_time_s
10,ES,1.176470588235294,1813.972
10,ES,1.176470588235294,1824.543
10,ES,1.176470588235294,1844.5499
10,ES,1.176470588235294,1858.3784
10,ES,1.176470588235294,1858.7818
10,ES,1.176470588235294,1898.9481
10,ES,1.176470588235294,1849.7624
10,ES,1.176470588235294,1853.3734
10,ES,1.176470588235294,1841.63
10,ES,1.176470588235294,1850.4596
10,ES,1.176470588235294,1834.8529
10,ES,1.176470588235294,1839.9957
10,ES,1.176470588235294,1844.6014
10,ES,1.176470588235294,1836.8171
10,ES,1.176470588235294,1832.6631
10,ES,1.176470588235294,1881.91
10,ES,1.176470588235294,1836.606
10,ES,1.176470588235294,1874.0161
10,ES,1.176470588235294,1810.4536
10,ES,1.176470588235294,1866.7435
10,ES,1.2121212121212122,1889.9037
10,ES,1.2121212121212122,1940.104
10,ES,1.2121212121212122,1938.6613
10,ES,1.2121212121212122,1957.999
10,ES,1.2121212121212122,1916.3331
10,ES,1.2121212121212122,1959.8436
10,ES,1.2121212121212122,1946.3653
10,ES,1.2121212121212122,1973.9738
10,ES,1.2121212121212122,1930.6236
10,ES,1.2121212121212122,1944.7202
10,ES,1.2121212121212122,1942.4685
10,ES,1.2121212121212122,1949.2741
10,ES,1.2121212121212122,1933.2864
10,ES,1.2121212121212122,1920.2594
10,ES,1.2121212121212122,1930.2852
10,ES,1.2121212121212122,1939.1734
10,ES,1.2121212121212122,1987.0715
10,ES,1.2121212121212122,1980.672
10,ES,1.2121212121212122,1946.0893
10,ES,1.2121212121212122,1961.7207
10,ES,1.25,1996.3068
10,ES,1.25,2072.1593
10,ES,1.25,2020.0095
10,ES,1.25,2037.5294
10,ES,1.25,2037.3482
10,ES,1.25,2044.9607
10,ES,1.25,2031.6047
10,ES,1.25,2044.2548
10,ES,1.25,2033.7255
10,ES,1.25,2059.1256
10,ES,1.25,2021.9441
10,ES,1.25,2096.7607
10,ES,1.25,2038.6653
10,ES,1.25,2087.0821
10,ES,1.25,2050.3967
10,ES,1.25,2082.0463
10,ES,1.25,1998.903
10,ES,1.25,2057.1275
10,ES,1.25,1992.4306
10,ES,1.25,2063.3329
10,ES,1.2903225806451613,2105.5616
10,ES,1.2903225806451613,2115.2058
10,ES,1.2903225806451613,2152.5856
10,ES,1.2903225806451613,2148.2025
10,ES,1.2903225806451613,2110.284
10,ES,1.2903225806451613,2132.8295
10,ES,1.2903225806451613,2109.584
10,ES,1.2903225806451613,2114.9853
10,ES,1.2903225806451613,2091.0998
10,ES,1.2903225806451613,2097.9984
10,ES,1.2903225806451613,2158.946
10,ES,1.2903225806451613,2115.2885
10,ES,1.2903225806451613,2103.2628
10,ES,1.2903225806451613,2149.2885
10,ES,1.2903225806451613,2096.847
10,ES,1.2903225806451613,2133.274
10,ES,1.2903225806451613,2123.8021
10,ES,1.2903225806451613,2109.6154
10,ES,1.2903225806451613,2145.3773
10,ES,1.2903225806451613,2144.7432
10,ES,1.3333333333333333,2267.6279
10,ES,1.3333333333333333,2281.8462
10,ES,1.3333333333333333,2226.1045
10,ES,1.3333333333333333,2256.4991
10,ES,1.3333333333333333,2249.2072
10,ES,1.3333333333333333,2259.702
10,ES,1.3333333333333333,2215.7728
10,ES,1.3333333333333333,2275.1571
10,ES,1.3333333333333333,2226.8343
10,ES,1.3333333333333333,2278.4474
10,ES,1.3333333333333333,2266.488
10,ES,1.3333333333333333,2253.9727
10,ES,1.3333333333333333,2245.2755
10,ES,1.3333333333333333,2287.4527
10,ES,1.3333333333333333,2207.0513
10,ES,1.3333333333333333,2284.5275
10,ES,1.3333333333333333,2233.103
10,ES,1.3333333333333333,2266.2382
10,ES,1.3333333333333333,2254.9035
10,ES,1.3333333333333333,2252.2389
10,ES,1.3793103448275863,2339.1459
10,ES,1.3793103448275863,2533.252
10,ES,1.3793103448275863,2381.3291
10,ES,1.3793103448275863,2501.3559
10,ES,1.3793103448275863,2388.7541
10,ES,1.3793103448275863,2507.4281
10,ES,1.3793103448275863,2394.8301
10,ES,1.3793103448275863,2505.8681
10,ES,1.3793103448275863,2383.8576
10,ES,1.3793103448275863,2520.8049
10,ES,1.3793103448275863,2380.1153
10,ES,1.3793103448275863,2509.9782
10,ES,1.3793103448275863,2388.5751
10,ES,1.3793103448275863,2520.3962
10,ES,1.3793103448275863,2506.7158
10,ES,1.3793103448275863,2522.3253
10,ES,1.3793103448275863,2374.4076
10,ES,1.3793103448275863,2362.7068
10,ES,1.3793103448275863,2345.3515
10,ES,1.3793103448275863,2331.845
10,ES,1.4285714285714286,2463.8548
10,ES,1.4285714285714286,2509.2748
10,ES,1.4285714285714286,2515.3673
10,ES,1.4285714285714286,2536.7663
10,ES,1.4285714285714286,2486.9736
10,ES,1.4285714285714286,2501.8147
10,ES,1.4285714285714286,2492.7952
10,ES,1.4285714285714286,2524.4796
10,ES,1.4285714285714286,2493.6448
10,ES,1.4285714285714286,2503.7006
10,ES,1.4285714285714286,2510.2909
10,ES,1.4285714285714286,2509.7857
10,ES,1.4285714285714286,2512.5399
10,ES,1.4285714285714286,2517.2747
10,ES,1.4285714285714286,2491.311
10,ES,1.4285714285714286,2510.7747
10,ES,1.4285714285714286,2455.7753
10,ES,1.4285714285714286,2502.5783
10,ES,1.4285714285714286,2500.0432
10,ES,1.4285714285714286,2561.5637
10,ES,1.4814814814814814,2669.7721
10,ES,1.4814814814814814,2646.0195
10,ES,1.4814814814814814,2619.2208
10,ES,1.4814814814814814,2633.0846
10,ES,1.4814814814814814,2604.7785
10,ES,1.4814814814814814,2628.1172
10,ES,1.4814814814814814,2624.4991
10,ES,1.4814814814814814,2617.6272
10,ES,1.4814814814814814,2624.7171
10,ES,1.4814814814814814,2611.0583
10,ES,1.4814814814814814,2568.8587
10,ES,1.4814814814814814,2618.5536
10,ES,1.4814814814814814,2672.937
10,ES,1.4814814814814814,2560.445
10,ES,1.4814814814814814,2670.379
10,ES,1.4814814814814814,2647.0529
10,ES,1.4814814814814814,2727.9139
10,ES,1.4814814814814814,2628.9351
10,ES,1.4814814814814814,2680.5896
10,ES,1.4814814814814814,2646.309
10,ES,1.5384615384615383,2793.7575
10,ES,1.5384615384615383,2798.0591
10,ES,1.5384615384615383,2777.599
10,ES,1.5384615384615383,2787.8785
10,ES,1.5384615384615383,2778.2765
10,ES,1.5384615384615383,2802.184
10,ES,1.5384615384615383,2729.0037
10,ES,1.5384615384615383,2771.4986
10,ES,1.5384615384615383,2735.1411
10,ES,1.5384615384615383,2811.0248
10,ES,1.5384615384615383,2754.8391
10,ES,1.5384615384615383,2816.2054
10,ES,1.5384615384615383,2808.4275
10,ES,1.5384615384615383,2788.9706
10,ES,1.5384615384615383,2747.7368
10,ES,1.5384615384615383,2773.7711
10,ES,1.5384615384615383,2787.568
10,ES,1.5384615384615383,2821.2856
10,ES,1.5384615384615383,2774.5053
10,ES,1.5384615384615383,2859.9091
10,FS,1.176470588235294,1850.7523
10,FS,1.176470588235294,1908.8398
10,FS,1.176470588235294,1856.9912
10,FS,1.176470588235294,1934.6442
10,FS,1.176470588235294,1868.4105
10,FS,1.176470588235294,1860.8497
10,FS,1.176470588235294,1830.6158
10,FS,1.176470588235294,1911.3897
10,FS,1.176470588235294,1887.6306
10,FS,1.176470588235294,1902.7987
10,FS,1.176470588235294,1884.2607
10,FS,1.176470588235294,1853.9792
10,FS,1.176470588235294,1827.7857
10,FS,1.176470588235294,1836.0925
10,FS,1.176470588235294,1835.8515
10,FS,1.176470588235294,1890.5951
10,FS,1.176470588235294,1859.2725
10,FS,1.176470588235294,1875.3438
10,FS,1.176470588235294,1862.1871
10,FS,1.176470588235294,1889.2269
10,FS,1.2121212121212122,1965.5589
10,FS,1.2121212121212122,1998.0168
10,FS,1.2121212121212122,1947.9389
10,FS,1.2121212121212122,1960.7241
10,FS,1.2121212121212122,1954.5106
10,FS,1.2121212121212122,2005.7046
10,FS,1.2121212121212122,1927.8277
10,FS,1.2121212121212122,1972.4207
10,FS,1.2121212121212122,1917.4015
10,FS,1.2121212121212122,1972.3229
10,FS,1.2121212121212122,1949.5706
10,FS,1.2121212121212122,1994.5632
10,FS,1.2121212121212122,1952.3645
10,FS,1.2121212121212122,2017.0835
10,FS,1.2121212121212122,1957.8325
10,FS,1.2121212121212122,2002.8411
10,FS,1.2121212121212122,1931.7708
10,FS,1.2121212121212122,2000.832
10,FS,1.2121212121212122,1941.6058
10,FS,1.2121212121212122,2023.7464
10,FS,1.25,2056.8191
10,FS,1.25,2108.4852
10,FS,1.25,2049.3578
10,FS,1.25,2114.6664
10,FS,1.25,2033.6988
10,FS,1.25,2108.8879
10,FS,1.25,2057.1615
10,FS,1.25,2109.0986
10,FS,1.25,2048.1773
10,FS,1.25,2065.8352
10,FS,1.25,2056.0201
10,FS,1.25,2089.2223
10,FS,1.25,2048.9742
10,FS,1.25,2088.0111
10,FS,1.25,2021.8092
10,FS,1.25,2047.3671
10,FS,1.25,2067.1279
10,FS,1.25,2066.3354
10,FS,1.25,2049.8738
10,FS,1.25,2054.0248
10,FS,1.2903225806451613,2143.5782
10,FS,1.2903225806451613,2162.0789
10,FS,1.2903225806451613,2117.5316
10,FS,1.2903225806451613,2154.3122
10,FS,1.2903225806451613,2226.3857
10,FS,1.2903225806451613,2219.4316
10,FS,1.2903225806451613,2210.47
10,FS,1.2903225806451613,2231.1259
10,FS,1.2903225806451613,2237.7225
10,FS,1.2903225806451613,2216.6305
10,FS,1.2903225806451613,2194.586
10,FS,1.2903225806451613,2200.4325
10,FS,1.2903225806451613,2179.6951
10,FS,1.2903225806451613,2219.9449
10,FS,1.2903225806451613,2216.2072
10,FS,1.2903225806451613,2213.4862
10,FS,1.2903225806451613,2207.1613
10,FS,1.2903225806451613,2198.8506
10,FS,1.2903225806451613,2196.3682
10,FS,1.2903225806451613,2204.7051
10,FS,1.3333333333333333,2278.6777
10,FS,1.3333333333333333,2316.4097
10,FS,1.3333333333333333,2264.7379
10,FS,1.3333333333333333,2321.1013
10,FS,1.3333333333333333,2260.076
10,FS,1.3333333333333333,2341.6591
10,FS,1.3333333333333333,2284.4992
10,FS,1.3333333333333333,2361.0247
10,FS,1.3333333333333333,2277.9684
10,FS,1.3333333333333333,2278.0338
10,FS,1.3333333333333333,2286.1974
10,FS,1.3333333333333333,2325.3252
10,FS,1.3333333333333333,2271.1827
10,FS,1.3333333333333333,2337.0782
10,FS,1.3333333333333333,2309.4142
10,FS,1.3333333333333333,2306.2153
10,FS,1.3333333333333333,2278.7891
10,FS,1.3333333333333333,2332.0453
10,FS,1.3333333333333333,2280.1549
10,FS,1.3333333333333333,2332.9627
10,FS,1.3793103448275863,2409.3121
10,FS,1.3793103448275863,2404.5238
10,FS,1.3793103448275863,2395.2053
10,FS,1.3793103448275863,2401.8556
10,FS,1.3793103448275863,2365.8516
10,FS,1.3793103448275863,2397.7951
10,FS,1.3793103448275863,2398.8637
10,FS,1.3793103448275863,2348.541
10,FS,1.3793103448275863,2390.5676
10,FS,1.3793103448275863,2329.6454
10,FS,1.3793103448275863,2391.9377
10,FS,1.3793103448275863,2457.0127
10,FS,1.3793103448275863,2391.8934
10,FS,1.3793103448275863,2357.5632
10,FS,1.3793103448275863,2587.7762
10,FS,1.3793103448275863,2602.1689
10,FS,1.3793103448275863,2578.9765
10,FS,1.3793103448275863,2398.7646
10,FS,1.3793103448275863,2392.3773
10,FS,1.3793103448275863,2409.698
10,FS,1.4285714285714286,2518.1692
10,FS,1.4285714285714286,2539.7063
10,FS,1.4285714285714286,2478.6522
10,FS,1.4285714285714286,2600.1531
10,FS,1.4285714285714286,2548.9115
10,FS,1.4285714285714286,2559.1798
10,FS,1.4285714285714286,2477.3993
10,FS,1.4285714285714286,2579.0477
10,FS,1.4285714285714286,2527.9228
10,FS,1.4285714285714286,2626.1744
10,FS,1.4285714285714286,2536.1766
10,FS,1.4285714285714286,2561.262
10,FS,1.4285714285714286,2519.807
10,FS,1.4285714285714286,2556.0479
10,FS,1.4285714285714286,2517.0235
10,FS,1.4285714285714286,2566.9524
10,FS,1.4285714285714286,2516.1561
10,FS,1.4285714285714286,2595.7129
10,FS,1.4285714285714286,2488.2657
10,FS,1.4285714285714286,2601.7183
10,FS,1.4814814814814814,2684.7997
10,FS,1.4814814814814814,2640.8562
10,FS,1.4814814814814814,2699.2626
10,FS,1.4814814814814814,2662.6374
10,FS,1.4814814814814814,2700.9015
10,FS,1.4814814814814814,2658.6952
10,FS,1.4814814814814814,2708.7241
10,FS,1.4814814814814814,2628.4876
10,FS,1.4814814814814814,2705.3388
10,FS,1.4814814814814814,2658.4664
10,FS,1.4814814814814814,2779.6169
10,FS,1.4814814814814814,2673.2354
10,FS,1.4814814814814814,2758.1981
10,FS,1.4814814814814814,2654.288
10,FS,1.4814814814814814,2733.5007
10,FS,1.4814814814814814,2638.1668
10,FS,1.4814814814814814,2709.2227
10,FS,1.4814814814814814,2654.8251
10,FS,1.4814814814814814,2744.3282
10,FS,1.4814814814814814,2630.9749
10,FS,1.5384615384615383,2841.8892
10,FS,1.5384615384615383,2899.7496
10,FS,1.5384615384615383,2783.1092
10,FS,1.5384615384615383,2826.3528
10,FS,1.5384615384615383,2763.9651
10,FS,1.5384615384615383,2821.2436
10,FS,1.5384615384615383,2818.8271
10,FS,1.5384615384615383,2880.6465
10,FS,1.5384615384615383,2827.3583
10,FS,1.5384615384615383,2865.5815
10,FS,1.5384615384615383,2825.792
10,FS,1.5384615384615383,2907.8807
10,FS,1.5384615384615383,2751.6869
10,FS,1.5384615384615383,2837.7424
10,FS,1.5384615384615383,2818.441
10,FS,1.5384615384615383,2895.8417
10,FS,1.5384615384615383,2812.4998
10,FS,1.5384615384615383,2868.4732
10,FS,1.5384615384615383,2839.8629
10,FS,1.5384615384615383,2834
10,nomeas,1.176470588235294,1851.6325
10,nomeas,1.176470588235294,1870.6654
10,nomeas,1.176470588235294,1843.5805
10,nomeas,1.176470588235294,1857.5196
10,nomeas,1.176470588235294,1819.4024
10,nomeas,1.176470588235294,1868.8789
10,nomeas,1.176470588235294,1837.9965
10,nomeas,1.176470588235294,1834.7556
10,nomeas,1.176470588235294,1831.7118
10,nomeas,1.176470588235294,1877.4047
10,nomeas,1.176470588235294,1827.0917
10,nomeas,1.176470588235294,1892.2908
10,nomeas,1.176470588235294,1810.1836
10,nomeas,1.176470588235294,1868.7741
10,nomeas,1.176470588235294,1870.686
10,nomeas,1.176470588235294,1871.736
10,nomeas,1.176470588235294,1880.4649
10,nomeas,1.176470588235294,1859.1383
10,nomeas,1.176470588235294,1873.8729
10,nomeas,1.176470588235294,1844.1856
10,nomeas,1.2121212121212122,1924.5375
10,nomeas,1.2121212121212122,1985.4051
10,nomeas,1.2121212121212122,1904.6124
10,nomeas,1.2121212121212122,1975.656
10,nomeas,1.2121212121212122,1933.3785
10,nomeas,1.2121212121212122,1960.9733
10,nomeas,1.2121212121212122,1921.3903
10,nomeas,1.2121212121212122,1945.6001
10,nomeas,1.2121212121212122,1929.2322
10,nomeas,1.2121212121212122,1975.0094
10,nomeas,1.2121212121212122,1926.2815
10,nomeas,1.2121212121212122,1945.7826
10,nomeas,1.2121212121212122,1934.995
10,nomeas,1.2121212121212122,1943.8596
10,nomeas,1.2121212121212122,1944.8733
10,nomeas,1.2121212121212122,1987.2124
10,nomeas,1.2121212121212122,1983.7843
10,nomeas,1.2121212121212122,1952.9255
10,nomeas,1.2121212121212122,1978.6366
10,nomeas,1.2121212121212122,1898.561
10,nomeas,1.25,2044.9432
10,nomeas,1.25,2054.0471
10,nomeas,1.25,2048.8915
10,nomeas,1.25,2044.2152
10,nomeas,1.25,1998.5482
10,nomeas,1.25,2035.2038
10,nomeas,1.25,2013.3904
10,nomeas,1.25,2044.2924
10,nomeas,1.25,2061.517
10,nomeas,1.25,2056.7207
10,nomeas,1.25,2080.749
10,nomeas,1.25,2064.7639
10,nomeas,1.25,2070.9745
10,nomeas,1.25,2034.6134
10,nomeas,1.25,2066.7362
10,nomeas,1.25,2038.6109
10,nomeas,1.25,2069.8665
10,nomeas,1.25,2050.156
10,nomeas,1.25,2080.7575
10,nomeas,1.25,2008.7268
10,nomeas,1.2903225806451613,2185.0985
10,nomeas,1.2903225806451613,2205.6985
10,nomeas,1.2903225806451613,2192.8967
10,nomeas,1.2903225806451613,2173.3373
10,nomeas,1.2903225806451613,2175.9662
10,nomeas,1.2903225806451613,2186.1038
10,nomeas,1.2903225806451613,2174.4047
10,nomeas,1.2903225806451613,2179.6537
10,nomeas,1.2903225806451613,2191.8704
10,nomeas,1.2903225806451613,2192.66
10,nomeas,1.2903225806451613,2207.9256
10,nomeas,1.2903225806451613,2220.0941
10,nomeas,1.2903225806451613,2184.0542
10,nomeas,1.2903225806451613,2193.4571
10,nomeas,1.2903225806451613,2188.9979
10,nomeas,1.2903225806451613,2194.8585
10,nomeas,1.2903225806451613,2198.2382
10,nomeas,1.2903225806451613,2224.4101
10,nomeas,1.2903225806451613,2208.2289
10,nomeas,1.2903225806451613,2195.5464
10,nomeas,1.3333333333333333,2235.8437
10,nomeas,1.3333333333333333,2314.8427
10,nomeas,1.3333333333333333,2243.9406
10,nomeas,1.3333333333333333,2277.2517
10,nomeas,1.3333333333333333,2262.5371
10,nomeas,1.3333333333333333,2313.1802
10,nomeas,1.3333333333333333,2257.4877
10,nomeas,1.3333333333333333,2317.195
10,nomeas,1.3333333333333333,2294.3626
10,nomeas,1.3333333333333333,2318.3008
10,nomeas,1.3333333333333333,2257.0906
10,nomeas,1.3333333333333333,2324.9148
10,nomeas,1.3333333333333333,2258.2876
10,nomeas,1.3333333333333333,2267.4611
10,nomeas,1.3333333333333333,2346.13
10,nomeas,1.3333333333333333,2330.7537
10,nomeas,1.3333333333333333,2347.7035
10,nomeas,1.3333333333333333,2297.5624
10,nomeas,1.3333333333333333,2366.2584
10,nomeas,1.3333333333333333,2254.7428
10,nomeas,1.3793103448275863,2379.7808
10,nomeas,1.3793103448275863,2389.7918
10,nomeas,1.3793103448275863,2324.7707
10,nomeas,1.3793103448275863,2379.5284
10,nomeas,1.3793103448275863,2395.2366
10,nomeas,1.3793103448275863,2348.3421
10,nomeas,1.3793103448275863,2387.2812
10,nomeas,1.3793103448275863,2294.3456
10,nomeas,1.3793103448275863,2339.7416
10,nomeas,1.3793103448275863,2382.3934
10,nomeas,1.3793103448275863,2380.8503
10,nomeas,1.3793103448275863,2359.9697
10,nomeas,1.3793103448275863,2321.8931
10,nomeas,1.3793103448275863,2387.0332
10,nomeas,1.3793103448275863,2324.7994
10,nomeas,1.3793103448275863,2328.7504
10,nomeas,1.3793103448275863,2330.8556
10,nomeas,1.3793103448275863,2369.2323
10,nomeas,1.3793103448275863,2334.3555
10,nomeas,1.3793103448275863,2360.907
10,nomeas,1.4285714285714286,2504.4899
10,nomeas,1.4285714285714286,2571.9905
10,nomeas,1.4285714285714286,2451.9756
10,nomeas,1.4285714285714286,2563.391
10,nomeas,1.4285714285714286,2474.5333
10,nomeas,1.4285714285714286,2553.4002
10,nomeas,1.4285714285714286,2489.8916
10,nomeas,1.4285714285714286,2556.2343
10,nomeas,1.4285714285714286,2516.2488
10,nomeas,1.4285714285714286,2568.1318
10,nomeas,1.4285714285714286,2509.4523
10,nomeas,1.4285714285714286,2545.3302
10,nomeas,1.4285714285714286,2493.3465
10,nomeas,1.4285714285714286,2581.0182
10,nomeas,1.4285714285714286,2581.6563
10,nomeas,1.4285714285714286,2572.4299
10,nomeas,1.4285714285714286,2576.4771
10,nomeas,1.4285714285714286,2567.066
10,nomeas,1.4285714285714286,2557.4093
10,nomeas,1.4285714285714286,2514.0631
10,nomeas,1.4814814814814814,2729.5152
10,nomeas,1.4814814814814814,2634.1107
10,nomeas,1.4814814814814814,2729.8922
10,nomeas,1.4814814814814814,2633.6303
10,nomeas,1.4814814814814814,2746.5004
10,nomeas,1.4814814814814814,2625.1803
10,nomeas,1.4814814814814814,2699.9268
10,nomeas,1.4814814814814814,2638.3706
10,nomeas,1.4814814814814814,2716.0251
10,nomeas,1.4814814814814814,2637.7202
10,nomeas,1.4814814814814814,2730.9556
10,nomeas,1.4814814814814814,2727.2472
10,nomeas,1.4814814814814814,2710.0315
10,nomeas,1.4814814814814814,2723.3841
10,nomeas,1.4814814814814814,2688.608
10,nomeas,1.4814814814814814,2707.6248
10,nomeas,1.4814814814814814,2674.4535
10,nomeas,1.4814814814814814,2687.2782
10,nomeas,1.4814814814814814,2670.5059
10,nomeas,1.4814814814814814,2721.742
10,nomeas,1.5384615384615383,2781.3946
10,nomeas,1.5384615384615383,2860.2115
10,nomeas,1.5384615384615383,2802.3584
10,nomeas,1.5384615384615383,2831.7343
10,nomeas,1.5384615384615383,2808.5924
10,nomeas,1.5384615384615383,2868.6515
10,nomeas,1.5384615384615383,2782.1824
10,nomeas,1.5384615384615383,2845.3375
10,nomeas,1.5384615384615383,2786.7804
10,nomeas,1.5384615384615383,2833.6386
10,nomeas,1.5384615384615383,2773.9675
10,nomeas,1.5384615384615383,2814.7956
10,nomeas,1.5384615384615383,2806.0406
10,nomeas,1.5384615384615383,2867.2968
10,nomeas,1.5384615384615383,2844.3316
10,nomeas,1.5384615384615383,2833.3971
10,nomeas,1.5384615384615383,2894.1116
10,nomeas,1.5384615384615383,2837.9081
10,nomeas,1.5384615384615383,2859.3048
10,nomeas,1.5384615384615383,2833.4734
12,ES,1.176470588235294,3045.3241
12,ES,1.176470588235294,3053.5442
12,ES,1.176470588235294,3151.5231
12,ES,1.176470588235294,3032.1565
12,ES,1.176470588235294,3132.2145
12,ES,1.176470588235294,3045.7953
12,ES,1.176470588235294,3082.521
12,ES,1.176470588235294,3009.1624
12,ES,1.176470588235294,3150.0873
12,ES,1.176470588235294,2999.8132
12,ES,1.176470588235294,3120.339
12,ES,1.176470588235294,3042.88
12,ES,1.176470588235294,3138.0772
12,ES,1.176470588235294,3005.2434
12,ES,1.176470588235294,3112.8572
12,ES,1.176470588235294,2985.0781
12,ES,1.176470588235294,3107.4333
12,ES,1.176470588235294,3015.1015
12,ES,1.176470588235294,3128.5283
12,ES,1.176470588235294,3059.0189
12,ES,1.2121212121212122,3272.3309
12,ES,1.2121212121212122,3238.1179
12,ES,1.2121212121212122,3237.4279
12,ES,1.2121212121212122,3211.7726
12,ES,1.2121212121212122,3325.1252
12,ES,1.2121212121212122,3247.382
12,ES,1.2121212121212122,3252.2777
12,ES,1.2121212121212122,3248.5876
12,ES,1.2121212121212122,3281.9196
12,ES,1.2121212121212122,3204.5045
12,ES,1.2121212121212122,3254.5245
12,ES,1.2121212121212122,3179.9459
12,ES,1.2121212121212122,3268.7542
12,ES,1.2121212121212122,3205.6459
12,ES,1.2121212121212122,3224.9584
12,ES,1.2121212121212122,3238.4904
12,ES,1.2121212121212122,3319.5124
12,ES,1.2121212121212122,3214.4459
12,ES,1.2121212121212122,3306.5723
12,ES,1.2121212121212122,3250.1788
12,ES,1.25,3409.6272
12,ES,1.25,3364.1107
12,ES,1.25,3416.7081
12,ES,1.25,3407.0352
12,ES,1.25,3413.6359
12,ES,1.25,3431.7265
12,ES,1.25,3410.8115
12,ES,1.25,3380.3669
12,ES,1.25,3396.0611
12,ES,1.25,3404.499
12,ES,1.25,3410.2218
12,ES,1.25,3383.6896
12,ES,1.25,3461.6584
12,ES,1.25,3371.3873
12,ES,1.25,3455.8179
12,ES,1.25,3385.4496
12,ES,1.25,3504.2703
12,ES,1.25,3373.0601
12,ES,1.25,3425.0879
12,ES,1.25,3356.8532
12,ES,1.2903225806451613,3658.7946
12,ES,1.2903225806451613,3591.5628
12,ES,1.2903225806451613,3658.1439
12,ES,1.2903225806451613,3648.729
12,ES,1.2903225806451613,3647.5321
12,ES,1.2903225806451613,3654.3696
12,ES,1.2903225806451613,3622.2172
12,ES,1.2903225806451613,3669.1948
12,ES,1.2903225806451613,3598.4884
12,ES,1.2903225806451613,3588.9716
12,ES,1.2903225806451613,3664.4762
12,ES,1.2903225806451613,3696.7464
12,ES,1.2903225806451613,3654.51
12,ES,1.2903225806451613,3601.3296
12,ES,1.2903225806451613,3645.6327
12,ES,1.2903225806451613,3620.4313
12,ES,1.2903225806451613,3689.4012
12,ES,1.2903225806451613,3569.6635
12,ES,1.2903225806451613,3594.0828
12,ES,1.2903225806451613,3666.8831
12,ES,1.3333333333333333,3873.5605
12,ES,1.3333333333333333,3778.4664
12,ES,1.3333333333333333,3971.6659
12,ES,1.3333333333333333,3762.5195
12,ES,1.3333333333333333,3935.7537
12,ES,1.3333333333333333,3759.8869
12,ES,1.3333333333333333,3945.5123
12,ES,1.3333333333333333,3837.5003
12,ES,1.3333333333333333,3870.9801
12,ES,1.3333333333333333,3798.9583
12,ES,1.3333333333333333,3856.4074
12,ES,1.3333333333333333,3793.3315
12,ES,1.3333333333333333,3835.6903
12,ES,1.3333333333333333,3803.1716
12,ES,1.3333333333333333,3865.8094
12,ES,1.3333333333333333,3814.6567
12,ES,1.3333333333333333,3895.6077
12,ES,1.3333333333333333,3798.3007
12,ES,1.3333333333333333,3902.6714
12,ES,1.3333333333333333,3761.0251
12,ES,1.3793103448275863,3997.5138
12,ES,1.3793103448275863,3969.4688
12,ES,1.3793103448275863,3995.5639
12,ES,1.3793103448275863,4040.6589
12,ES,1.3793103448275863,4085.3341
12,ES,1.3793103448275863,4160.6412
12,ES,1.3793103448275863,4091.6245
12,ES,1.3793103448275863,4151.1876
12,ES,1.3793103448275863,4184.2671
12,ES,1.3793103448275863,4157.9257
12,ES,1.3793103448275863,4113.2922
12,ES,1.3793103448275863,4192.2384
12,ES,1.3793103448275863,4158.8873
12,ES,1.3793103448275863,4138.1089
12,ES,1.3793103448275863,4135.6393
12,ES,1.3793103448275863,4126.3326
12,ES,1.3793103448275863,4023.6483
12,ES,1.3793103448275863,4181.817
12,ES,1.3793103448275863,4167.8746
12,ES,1.3793103448275863,4225.6876
12,ES,1.4285714285714286,4463.5442
12,ES,1.4285714285714286,4244.7158
12,ES,1.4285714285714286,4358.5352
12,ES,1.4285714285714286,4334.5332
12,ES,1.4285714285714286,4416.4028
12,ES,1.4285714285714286,4266.5206
12,ES,1.4285714285714286,4373.6276
12,ES,1.4285714285714286,4317.1821
12,ES,1.4285714285714286,4380.1212
12,ES,1.4285714285714286,4323.0376
12,ES,1.4285714285714286,4386.4107
12,ES,1.4285714285714286,4253.1559
12,ES,1.4285714285714286,4316.9355
12,ES,1.4285714285714286,4240.9201
12,ES,1.4285714285714286,4356.6403
12,ES,1.4285714285714286,4328.645
12,ES,1.4285714285714286,4443.2297
12,ES,1.4285714285714286,4328.6233
12,ES,1.4285714285714286,4397.3949
12,ES,1.4285714285714286,4347.0864
12,ES,1.4814814814814814,4531.6587
12,ES,1.4814814814814814,4536.1636
12,ES,1.4814814814814814,4714.0933
12,ES,1.4814814814814814,4625.9094
12,ES,1.4814814814814814,4588.1279
12,ES,1.4814814814814814,4577.9081
12,ES,1.4814814814814814,4603.8595
12,ES,1.4814814814814814,4650.5862
12,ES,1.4814814814814814,4610.9467
12,ES,1.4814814814814814,4590.0591
12,ES,1.4814814814814814,4676.1529
12,ES,1.4814814814814814,4619.9717
12,ES,1.4814814814814814,4642.7132
12,ES,1.4814814814814814,4635.2012
12,ES,1.4814814814814814,4643.711
12,ES,1.4814814814814814,4696.2249
12,ES,1.4814814814814814,4585.0297
12,ES,1.4814814814814814,4625.1852
12,ES,1.4814814814814814,4702.6838
12,ES,1.4814814814814814,4639.4136
12,ES,1.5384615384615383,4953.049
12,ES,1.5384615384615383,4915.6876
12,ES,1.5384615384615383,5035.87
12,ES,1.5384615384615383,4881.6563
12,ES,1.5384615384615383,4942.763
12,ES,1.5384615384615383,4894.7033
12,ES,1.5384615384615383,4959.5922
12,ES,1.5384615384615383,4963.9975
12,ES,1.5384615384615383,4955.4843
12,ES,1.5384615384615383,4900.9348
12,ES,1.5384615384615383,4955.3452
12,ES,1.5384615384615383,4891.3657
12,ES,1.5384615384615383,4964.2784
12,ES,1.5384615384615383,4829.2938
12,ES,1.5384615384615383,4969.1206
12,ES,1.5384615384615383,4899.6363
12,ES,1.5384615384615383,4962.8176
12,ES,1.5384615384615383,4936.6977
12,ES,1.5384615384615383,4982.8486
12,ES,1.5384615384615383,4947.0563
12,FS,1.176470588235294,3116.9752
12,FS,1.176470588235294,3077.5651
12,FS,1.176470588235294,3180.47
12,FS,1.176470588235294,3104.0968
12,FS,1.176470588235294,3154.1667
12,FS,1.176470588235294,3120.0703
12,FS,1.176470588235294,3190.1653
12,FS,1.176470588235294,3038.7424
12,FS,1.176470588235294,3154.1345
12,FS,1.176470588235294,3081.2945
12,FS,1.176470588235294,3202.213
12,FS,1.176470588235294,3093.0684
12,FS,1.176470588235294,3148.0332
12,FS,1.176470588235294,3111.5457
12,FS,1.176470588235294,3153.4106
12,FS,1.176470588235294,3135.1506
12,FS,1.176470588235294,3166.2165
12,FS,1.176470588235294,3070.1523
12,FS,1.176470588235294,3165.2416
12,FS,1.176470588235294,3032.1393
12,FS,1.2121212121212122,3369.4514
12,FS,1.2121212121212122,3219.2368
12,FS,1.2121212121212122,3353.9435
12,FS,1.2121212121212122,3266.2243
12,FS,1.2121212121212122,3319.7297
12,FS,1.2121212121212122,3291.0534
12,FS,1.2121212121212122,3367.9961
12,FS,1.2121212121212122,3268.5945
12,FS,1.2121212121212122,3361.4064
12,FS,1.2121212121212122,3234.8177
12,FS,1.2121212121212122,3360.1609
12,FS,1.2121212121212122,3263.5711
12,FS,1.2121212121212122,3344.7775
12,FS,1.2121212121212122,3283.6325
12,FS,1.2121212121212122,3316.8278
12,FS,1.2121212121212122,3264.3836
12,FS,1.2121212121212122,3340.4315
12,FS,1.2121212121212122,3297.6915
12,FS,1.2121212121212122,3351.6636
12,FS,1.2121212121212122,3287.0759
12,FS,1.25,3515.6661
12,FS,1.25,3492.802
12,FS,1.25,3496.1491
12,FS,1.25,3459.9563
12,FS,1.25,3507.6631
12,FS,1.25,3449.7959
12,FS,1.25,3476.0597
12,FS,1.25,3453.0862
12,FS,1.25,3528.4181
12,FS,1.25,3448.7603
12,FS,1.25,3456.3093
12,FS,1.25,3478.693
12,FS,1.25,3512.4969
12,FS,1.25,3459.4478
12,FS,1.25,3467.0685
12,FS,1.25,3439.1685
12,FS,1.25,3555.302
12,FS,1.25,3483.7475
12,FS,1.25,3575.131
12,FS,1.25,3445.1173
12,FS,1.2903225806451613,3648.6501
12,FS,1.2903225806451613,3671.1729
12,FS,1.2903225806451613,3730.8747
12,FS,1.2903225806451613,3742.1797
12,FS,1.2903225806451613,3649.863
12,FS,1.2903225806451613,3761.834
12,FS,1.2903225806451613,3737.9789
12,FS,1.2903225806451613,3731.7923
12,FS,1.2903225806451613,3726.2377
12,FS,1.2903225806451613,3760.806
12,FS,1.2903225806451613,3684.7063
12,FS,1.2903225806451613,3740.4008
12,FS,1.2903225806451613,3644.683
12,FS,1.2903225806451613,3644.7741
12,FS,1.2903225806451613,3650.1627
12,FS,1.2903225806451613,3735.0125
12,FS,1.2903225806451613,3661.4445
12,FS,1.2903225806451613,3748.7785
12,FS,1.2903225806451613,3685.9963
12,FS,1.2903225806451613,3762.9798
12,FS,1.3333333333333333,4020.0745
12,FS,1.3333333333333333,3903.2581
12,FS,1.3333333333333333,3992.5097
12,FS,1.3333333333333333,3893.211
12,FS,1.3333333333333333,3954.9033
12,FS,1.3333333333333333,3938.8397
12,FS,1.3333333333333333,3994.3903
12,FS,1.3333333333333333,3785.0819
12,FS,1.3333333333333333,3981.2183
12,FS,1.3333333333333333,3825.7843
12,FS,1.3333333333333333,4007.8871
12,FS,1.3333333333333333,3854.8929
12,FS,1.3333333333333333,3901.801
12,FS,1.3333333333333333,3878.5221
12,FS,1.3333333333333333,3963.9347
12,FS,1.3333333333333333,3840.0353
12,FS,1.3333333333333333,3960.8799
12,FS,1.3333333333333333,3777.8865
12,FS,1.3333333333333333,3968.5541
12,FS,1.3333333333333333,3900.6859
12,FS,1.3793103448275863,4188.6249
12,FS,1.3793103448275863,4252.7636
12,FS,1.3793103448275863,4182.0553
12,FS,1.3793103448275863,4176.3118
12,FS,1.3793103448275863,4175.2111
12,FS,1.3793103448275863,4211.2132
12,FS,1.3793103448275863,4195.5719
12,FS,1.3793103448275863,4203.9989
12,FS,1.3793103448275863,4194.0591
12,FS,1.3793103448275863,4206.0928
12,FS,1.3793103448275863,4216.8157
12,FS,1.3793103448275863,4199.0404
12,FS,1.3793103448275863,4179.463
12,FS,1.3793103448275863,4269.1256
12,FS,1.3793103448275863,4246.6289
12,FS,1.3793103448275863,4196.3564
12,FS,1.3793103448275863,4191.214
12,FS,1.3793103448275863,4233.1291
12,FS,1.3793103448275863,4256.2967
12,FS,1.3793103448275863,4234.4602
12,FS,1.4285714285714286,4512.8496
12,FS,1.4285714285714286,4349.4661
12,FS,1.4285714285714286,4443.3993
12,FS,1.4285714285714286,4373.6228
12,FS,1.4285714285714286,4405.872
12,FS,1.4285714285714286,4394.3657
12,FS,1.4285714285714286,4479.8678
12,FS,1.4285714285714286,4352.5186
12,FS,1.4285714285714286,4497.3708
12,FS,1.4285714285714286,4374.5808
12,FS,1.4285714285714286,4502.6767
12,FS,1.4285714285714286,4368.0231
12,FS,1.4285714285714286,4473.6092
12,FS,1.4285714285714286,4355.9172
12,FS,1.4285714285714286,4527.3323
12,FS,1.4285714285714286,4370.5131
12,FS,1.4285714285714286,4475.1681
12,FS,1.4285714285714286,4357.3388
12,FS,1.4285714285714286,4522.4548
12,FS,1.4285714285714286,4344.5194
12,FS,1.4814814814814814,4716.1627
12,FS,1.4814814814814814,4656.9243
12,FS,1.4814814814814814,4806.3501
12,FS,1.4814814814814814,4769.632
12,FS,1.4814814814814814,4681.3403
12,FS,1.4814814814814814,4735.5561
12,FS,1.4814814814814814,4706.4467
12,FS,1.4814814814814814,4676.7482
12,FS,1.4814814814814814,4664.9688
12,FS,1.4814814814814814,4737.5416
12,FS,1.4814814814814814,4699.389
12,FS,1.4814814814814814,4667.6294
12,FS,1.4814814814814814,4776.9861
12,FS,1.4814814814814814,4721.7693
12,FS,1.4814814814814814,4711.1847
12,FS,1.4814814814814814,4730.0879
12,FS,1.4814814814814814,4717.4256
12,FS,1.4814814814814814,4743.4467
12,FS,1.4814814814814814,4726.2726
12,FS,1.4814814814814814,4659.7597
12,FS,1.5384615384615383,5197.9604
12,FS,1.5384615384615383,4967.0754
12,FS,1.5384615384615383,5102.7055
12,FS,1.5384615384615383,4979.3193
12,FS,1.5384615384615383,5052.7234
12,FS,1.5384615384615383,5013.5114
12,FS,1.5384615384615383,5177.6882
12,FS,1.5384615384615383,4910.3392
12,FS,1.5384615384615383,5071.1032
12,FS,1.5384615384615383,4937.5036
12,FS,1.5384615384615383,5156.1426
12,FS,1.5384615384615383,5072.8516
12,FS,1.5384615384615383,5056.8406
12,FS,1.5384615384615383,5068.5518
12,FS,1.5384615384615383,4981.931
12,FS,1.5384615384615383,4943.3535
12,FS,1.5384615384615383,5117.1948
12,FS,1.5384615384615383,5048.8967
12,FS,1.5384615384615383,5153.8869
12,FS,1.5384615384615383,4999.2661
12,nomeas,1.176470588235294,3117.8046
12,nomeas,1.176470588235294,3067.9626
12,nomeas,1.176470588235294,3098.003
12,nomeas,1.176470588235294,3050.1723
12,nomeas,1.176470588235294,3148.5628
12,nomeas,1.176470588235294,3011.5075
12,nomeas,1.176470588235294,3047.7591
12,nomeas,1.176470588235294,3037.6912
12,nomeas,1.176470588235294,3132.0181
12,nomeas,1.176470588235294,3045.3787
12,nomeas,1.176470588235294,3164.3485
12,nomeas,1.176470588235294,3057.5317
12,nomeas,1.176470588235294,3090.2595
12,nomeas,1.176470588235294,3083.9091
12,nomeas,1.176470588235294,3113.6218
12,nomeas,1.176470588235294,3145.9293
12,nomeas,1.176470588235294,3116.1378
12,nomeas,1.176470588235294,3091.5501
12,nomeas,1.176470588235294,3046.1862
12,nomeas,1.176470588235294,3181.9191
12,nomeas,1.2121212121212122,3304.2762
12,nomeas,1.2121212121212122,3222.5176
12,nomeas,1.2121212121212122,3234.2497
12,nomeas,1.2121212121212122,3246.9738
12,nomeas,1.2121212121212122,3297.0402
12,nomeas,1.2121212121212122,3197.4065
12,nomeas,1.2121212121212122,3253.5917
12,nomeas,1.2121212121212122,3205.0678
12,nomeas,1.2121212121212122,3244.243
12,nomeas,1.2121212121212122,3209.2674
12,nomeas,1.2121212121212122,3344.7388
12,nomeas,1.2121212121212122,3214.7896
12,nomeas,1.2121212121212122,3317.0476
12,nomeas,1.2121212121212122,3215.3621
12,nomeas,1.2121212121212122,3284.0678
12,nomeas,1.2121212121212122,3300.9051
12,nomeas,1.2121212121212122,3298.0214
12,nomeas,1.2121212121212122,3310.5821
12,nomeas,1.2121212121212122,3217.2634
12,nomeas,1.2121212121212122,3281.4345
12,nomeas,1.25,3427.5758
12,nomeas,1.25,3407.6159
12,nomeas,1.25,3455.6631
12,nomeas,1.25,3405.7006
12,nomeas,1.25,3460.4578
12,nomeas,1.25,3381.8084
12,nomeas,1.25,3511.1206
12,nomeas,1.25,3431.0524
12,nomeas,1.25,3461.0147
12,nomeas,1.25,3451.2252
12,nomeas,1.25,3494.9154
12,nomeas,1.25,3435.046
12,nomeas,1.25,3485.6665
12,nomeas,1.25,3496.9051
12,nomeas,1.25,3464.0348
12,nomeas,1.25,3531.7101
12,nomeas,1.25,3454.3958
12,nomeas,1.25,3497.0533
12,nomeas,1.25,3429.9575
12,nomeas,1.25,3537.4947
12,nomeas,1.2903225806451613,3627.8593
12,nomeas,1.2903225806451613,3696.3101
12,nomeas,1.2903225806451613,3626.6879
12,nomeas,1.2903225806451613,3637.0937
12,nomeas,1.2903225806451613,3647.144
12,nomeas,1.2903225806451613,3595.7228
12,nomeas,1.2903225806451613,3570.7684
12,nomeas,1.2903225806451613,3603.3149
12,nomeas,1.2903225806451613,3600.5196
12,nomeas,1.2903225806451613,3657.3718
12,nomeas,1.2903225806451613,3592.577
12,nomeas,1.2903225806451613,3665.0144
12,nomeas,1.2903225806451613,3618.3699
12,nomeas,1.2903225806451613,3688.7278
12,nomeas,1.2903225806451613,3570.2182
12,nomeas,1.2903225806451613,3701.1686
12,nomeas,1.2903225806451613,3627.7802
12,nomeas,1.2903225806451613,3642.9179
12,nomeas,1.2903225806451613,3618.519
12,nomeas,1.2903225806451613,3633.323
12,nomeas,1.3333333333333333,3898.9644
12,nomeas,1.3333333333333333,3777.349
12,nomeas,1.3333333333333333,3933.6597
12,nomeas,1.3333333333333333,3834.591
12,nomeas,1.3333333333333333,3922.129
12,nomeas,1.3333333333333333,3814.6867
12,nomeas,1.3333333333333333,3936.5783
12,nomeas,1.3333333333333333,3746.9354
12,nomeas,1.3333333333333333,3832.3966
12,nomeas,1.3333333333333333,3762.1755
12,nomeas,1.3333333333333333,3944.4318
12,nomeas,1.3333333333333333,3772.7427
12,nomeas,1.3333333333333333,3944.3548
12,nomeas,1.3333333333333333,3905.0736
12,nomeas,1.3333333333333333,3941.9524
12,nomeas,1.3333333333333333,3973.1492
12,nomeas,1.3333333333333333,3878.2561
12,nomeas,1.3333333333333333,3938.4896
12,nomeas,1.3333333333333333,3713.5419
12,nomeas,1.3333333333333333,3930.3575
12,nomeas,1.3793103448275863,4166.9077
12,nomeas,1.3793103448275863,4190.8913
12,nomeas,1.3793103448275863,4116.6032
12,nomeas,1.3793103448275863,4172.6092
12,nomeas,1.3793103448275863,4148.2131
12,nomeas,1.3793103448275863,4182.3105
12,nomeas,1.3793103448275863,4165.7015
12,nomeas,1.3793103448275863,4152.829
12,nomeas,1.3793103448275863,4178.7788
12,nomeas,1.3793103448275863,4080.8026
12,nomeas,1.3793103448275863,4135.1448
12,nomeas,1.3793103448275863,4154.229
12,nomeas,1.3793103448275863,4033.811
12,nomeas,1.3793103448275863,4164.3399
12,nomeas,1.3793103448275863,3980.3216
12,nomeas,1.3793103448275863,4114.1622
12,nomeas,1.3793103448275863,3973.0842
12,nomeas,1.3793103448275863,4158.4088
12,nomeas,1.3793103448275863,3990.6575
12,nomeas,1.3793103448275863,4150.2107
12,nomeas,1.4285714285714286,4397.1192
12,nomeas,1.4285714285714286,4266.5461
12,nomeas,1.4285714285714286,4419.5801
12,nomeas,1.4285714285714286,4285.9785
12,nomeas,1.4285714285714286,4427.6536
12,nomeas,1.4285714285714286,4301.6679
12,nomeas,1.4285714285714286,4397.251
12,nomeas,1.4285714285714286,4294.0862
12,nomeas,1.4285714285714286,4431.7663
12,nomeas,1.4285714285714286,4205.9121
12,nomeas,1.4285714285714286,4361.8133
12,nomeas,1.4285714285714286,4281.0554
12,nomeas,1.4285714285714286,4447.6418
12,nomeas,1.4285714285714286,4492.2676
12,nomeas,1.4285714285714286,4467.1024
12,nomeas,1.4285714285714286,4425.8689
12,nomeas,1.4285714285714286,4437.2073
12,nomeas,1.4285714285714286,4448.8878
12,nomeas,1.4285714285714286,4257.1347
12,nomeas,1.4285714285714286,4436.3646
12,nomeas,1.4814814814814814,4641.3389
12,nomeas,1.4814814814814814,4557.9266
12,nomeas,1.4814814814814814,4658.1141
12,nomeas,1.4814814814814814,4613.1235
12,nomeas,1.4814814814814814,4666.9419
12,nomeas,1.4814814814814814,4666.9605
12,nomeas,1.4814814814814814,4688.2127
12,nomeas,1.4814814814814814,4632.2748
12,nomeas,1.4814814814814814,4623.0717
12,nomeas,1.4814814814814814,4757.431
12,nomeas,1.4814814814814814,4727.3438
12,nomeas,1.4814814814814814,4681.9712
12,nomeas,1.4814814814814814,4664.2005
12,nomeas,1.4814814814814814,4621.9958
12,nomeas,1.4814814814814814,4678.0782
12,nomeas,1.4814814814814814,4628.825
12,nomeas,1.4814814814814814,4666.0736
12,nomeas,1.4814814814814814,4663.3597
12,nomeas,1.4814814814814814,4599.1509
12,nomeas,1.4814814814814814,4639.9967
12,nomeas,1.5384615384615383,5031.828
12,nomeas,1.5384615384615383,4928.4458
12,nomeas,1.5384615384615383,5007.4357
12,nomeas,1.5384615384615383,4902.0666
12,nomeas,1.5384615384615383,4938.6848
12,nomeas,1.5384615384615383,4878.497
12,nomeas,1.5384615384615383,4944.2233
12,nomeas,1.5384615384615383,4911.9148
12,nomeas,1.5384615384615383,5011.3884
12,nomeas,1.5384615384615383,4803.776
12,nomeas,1.5384615384615383,4912.5649
12,nomeas,1.5384615384615383,4921.6611
12,nomeas,1.5384615384615383,5041.0942
12,nomeas,1.5384615384615383,4961.2671
12,nomeas,1.5384615384615383,5061.8999
12,nomeas,1.5384615384615383,5033.9541
12,nomeas,1.5384615384615383,4991.6861
12,nomeas,1.5384615384615383,5007.388
12,nomeas,1.5384615384615383,4894.0838
12,nomeas,1.5384615384615383,5010.4946
14,ES,1.176470588235294,5115.87
14,ES,1.176470588235294,5201.4487
14,ES,1.176470588235294,5176.1531
14,ES,1.176470588235294,5209.8607
14,ES,1.176470588235294,5097.4055
14,ES,1.176470588235294,5247.9671
14,ES,1.176470588235294,4994.2576
14,ES,1.176470588235294,5242.5874
14,ES,1.176470588235294,5111.0392
14,ES,1.176470588235294,5286.107
14,ES,1.176470588235294,5111.5204
14,ES,1.176470588235294,5219.6656
14,ES,1.176470588235294,5057.1154
14,ES,1.176470588235294,5188.4237
14,ES,1.176470588235294,4998.7018
14,ES,1.176470588235294,5228.0726
14,ES,1.176470588235294,5009.5251
14,ES,1.176470588235294,5396.7574
14,ES,1.176470588235294,5054.511
14,ES,1.176470588235294,5295.4019
14,ES,1.2121212121212122,5389.2887
14,ES,1.2121212121212122,5450.2538
14,ES,1.2121212121212122,5341.2984
14,ES,1.2121212121212122,5495.3906
14,ES,1.2121212121212122,5288.366
14,ES,1.2121212121212122,5439.0843
14,ES,1.2121212121212122,5286.1198
14,ES,1.2121212121212122,5523.1974
14,ES,1.2121212121212122,5391.0012
14,ES,1.2121212121212122,5532.2965
14,ES,1.2121212121212122,6989.2747
14,ES,1.2121212121212122,5471.3724
14,ES,1.2121212121212122,5316.3877
14,ES,1.2121212121212122,5583.7605
14,ES,1.2121212121212122,5412.3215
14,ES,1.2121212121212122,5470.1414
14,ES,1.2121212121212122,5368.9903
14,ES,1.2121212121212122,5469.4201
14,ES,1.2121212121212122,6536.9586
14,ES,1.2121212121212122,5569.2933
14,ES,1.25,5763.7166
14,ES,1.25,5959.723
14,ES,1.25,5671.1246
14,ES,1.25,5762.7076
14,ES,1.25,6123.9642
14,ES,1.25,5845.4382
14,ES,1.25,5739.6892
14,ES,1.25,5804.0735
14,ES,1.25,5649.6829
14,ES,1.25,5792.2721
14,ES,1.25,5750.0429
14,ES,1.25,5841.4978
14,ES,1.25,5910.2101
14,ES,1.25,5827.4632
14,ES,1.25,5613.7028
14,ES,1.25,5873.2224
14,ES,1.25,6030.6872
14,ES,1.25,5825.9742
14,ES,1.25,5728.3184
14,ES,1.25,5821.137
14,ES,1.2903225806451613,6038.4688
14,ES,1.2903225806451613,6125.0361
14,ES,1.2903225806451613,6104.3472
14,ES,1.2903225806451613,6248.3269
14,ES,1.2903225806451613,8282.0929
14,ES,1.2903225806451613,7130.2148
14,ES,1.2903225806451613,6117.9461
14,ES,1.2903225806451613,6452.065
14,ES,1.2903225806451613,6084.3745
14,ES,1.2903225806451613,7242.7952
14,ES,1.2903225806451613,6200.9804
14,ES,1.2903225806451613,6295.1475
14,ES,1.2903225806451613,6142.2808
14,ES,1.2903225806451613,6599.5521
14,ES,1.2903225806451613,7566.492
14,ES,1.2903225806451613,6116.8515
14,ES,1.2903225806451613,8405.175
14,ES,1.2903225806451613,7771.0521
14,ES,1.2903225806451613,8230.1016
14,ES,1.2903225806451613,5967.5201
14,ES,1.3333333333333333,6383.6738
14,ES,1.3333333333333333,7724.0962
14,ES,1.3333333333333333,6473.3113
14,ES,1.3333333333333333,6623.4967
14,ES,1.3333333333333333,8290.0357
14,ES,1.3333333333333333,8472.0746
14,ES,1.3333333333333333,7036.5615
14,ES,1.3333333333333333,6643.2902
14,ES,1.3333333333333333,7931.4612
14,ES,1.3333333333333333,6510.0448
14,ES,1.3333333333333333,8399.1521
14,ES,1.3333333333333333,6591.2351
14,ES,1.3333333333333333,7735.9074
14,ES,1.3333333333333333,6662.053
14,ES,1.3333333333333333,8291.7456
14,ES,1.3333333333333333,7200.6747
14,ES,1.3333333333333333,6597.8271
14,ES,1.3333333333333333,6593.5009
14,ES,1.3333333333333333,6435.6391
14,ES,1.3333333333333333,7643.3342
14,ES,1.3793103448275863,8016.4866
14,ES,1.3793103448275863,8198.7797
14,ES,1.3793103448275863,8574.4065
14,ES,1.3793103448275863,7099.6395
14,ES,1.3793103448275863,7950.3838
14,ES,1.3793103448275863,6874.76
14,ES,1.3793103448275863,8836.8727
14,ES,1.3793103448275863,7024.7972
14,ES,1.3793103448275863,6788.4803
14,ES,1.3793103448275863,6911.8106
14,ES,1.3793103448275863,7575.6475
14,ES,1.3793103448275863,7712.1544
14,ES,1.3793103448275863,6753.8889
14,ES,1.3793103448275863,8938.7085
14,ES,1.3793103448275863,6854.0205
14,ES,1.3793103448275863,8577.9828
14,ES,1.3793103448275863,8270.324
14,ES,1.3793103448275863,7297.5504
14,ES,1.3793103448275863,7885.4614
14,ES,1.3793103448275863,6978.7485
14,ES,1.4285714285714286,7947.3582
14,ES,1.4285714285714286,7580.6036
14,ES,1.4285714285714286,8121.8375
14,ES,1.4285714285714286,9443.1673
14,ES,1.4285714285714286,8164.4834
14,ES,1.4285714285714286,7439.2185
14,ES,1.4285714285714286,7176.8543
14,ES,1.4285714285714286,7633.58
14,ES,1.4285714285714286,9530.9852
14,ES,1.4285714285714286,9206.7131
14,ES,1.4285714285714286,9621.8148
14,ES,1.4285714285714286,9621.3537
14,ES,1.4285714285714286,7233.5898
14,ES,1.4285714285714286,9270.7877
14,ES,1.4285714285714286,8924.876
14,ES,1.4285714285714286,8364.4753
14,ES,1.4285714285714286,9487.1424
14,ES,1.4285714285714286,9491.5107
14,ES,1.4285714285714286,9099.6809
14,ES,1.4285714285714286,9756.6648
14,ES,1.4814814814814814,9735.4439
14,ES,1.4814814814814814,10089.599
14,ES,1.4814814814814814,10340.876
14,ES,1.4814814814814814,9555.7599
14,ES,1.4814814814814814,9591.0078
14,ES,1.4814814814814814,10102.69
14,ES,1.4814814814814814,9215.4576
14,ES,1.4814814814814814,9243.7603
14,ES,1.4814814814814814,10019.945
14,ES,1.4814814814814814,8154.4429
14,ES,1.4814814814814814,8891.8212
14,ES,1.4814814814814814,10064.18
14,ES,1.4814814814814814,10217.81
14,ES,1.4814814814814814,10005.108
14,ES,1.4814814814814814,9740.0816
14,ES,1.4814814814814814,10245.52
14,ES,1.4814814814814814,9240.1221
14,ES,1.4814814814814814,9839.1201
14,ES,1.4814814814814814,8284.0212
14,ES,1.4814814814814814,7590.4365
14,ES,1.5384615384615383,11010.619
14,ES,1.5384615384615383,11079.502
14,ES,1.5384615384615383,11077.87
14,ES,1.5384615384615383,10995.518
14,ES,1.5384615384615383,10542.67
14,ES,1.5384615384615383,11404.342
14,ES,1.5384615384615383,10764.159
14,ES,1.5384615384615383,10538.216
14,ES,1.5384615384615383,10584.733
14,ES,1.5384615384615383,10492.514
14,ES,1.5384615384615383,10946.251
14,ES,1.5384615384615383,10804.068
14,ES,1.5384615384615383,10822.258
14,ES,1.5384615384615383,11209.249
14,ES,1.5384615384615383,10329.854
14,ES,1.5384615384615383,11692.175
14,ES,1.5384615384615383,10897.608
14,ES,1.5384615384615383,11244.492
14,ES,1.5384615384615383,10968.006
14,ES,1.5384615384615383,11153.178
14,FS,1.176470588235294,5189.4573
14,FS,1.176470588235294,5336.3494
14,FS,1.176470588235294,5158.9981
14,FS,1.176470588235294,5263.4247
14,FS,1.176470588235294,6828.0736
14,FS,1.176470588235294,5346.545
14,FS,1.176470588235294,5110.6674
14,FS,1.176470588235294,5313.6758
14,FS,1.176470588235294,5135.1816
14,FS,1.176470588235294,5440.3136
14,FS,1.176470588235294,5150.2733
14,FS,1.176470588235294,5430.8696
14,FS,1.176470588235294,5222.4587
14,FS,1.176470588235294,5337.9101
14,FS,1.176470588235294,5153.1663
14,FS,1.176470588235294,5374.0816
14,FS,1.176470588235294,5172.1943
14,FS,1.176470588235294,5472.2549
14,FS,1.176470588235294,5113.8148
14,FS,1.176470588235294,5364.804
14,FS,1.2121212121212122,5491.1578
14,FS,1.2121212121212122,5560.0371
14,FS,1.2121212121212122,5500.3375
14,FS,1.2121212121212122,5703.3496
14,FS,1.2121212121212122,5357.1175
14,FS,1.2121212121212122,5635.128
14,FS,1.2121212121212122,5435.7192
14,FS,1.2121212121212122,5593.58
14,FS,1.2121212121212122,5520.6732
14,FS,1.2121212121212122,5599.1503
14,FS,1.2121212121212122,5311.6676
14,FS,1.2121212121212122,5519.4429
14,FS,1.2121212121212122,5448.7685
14,FS,1.2121212121212122,5893.777
14,FS,1.2121212121212122,5338.6847
14,FS,1.2121212121212122,5629.1041
14,FS,1.2121212121212122,5423.3029
14,FS,1.2121212121212122,5592.9119
14,FS,1.2121212121212122,5529.6085
14,FS,1.2121212121212122,5644.935
14,FS,1.25,6406.0687
14,FS,1.25,5879.8362
14,FS,1.25,5926.1735
14,FS,1.25,7127.8141
14,FS,1.25,5826.9705
14,FS,1.25,5882.6071
14,FS,1.25,6345.7347
14,FS,1.25,5830.9768
14,FS,1.25,5863.1817
14,FS,1.25,5800.7432
14,FS,1.25,5802.1035
14,FS,1.25,5962.2623
14,FS,1.25,5988.3244
14,FS,1.25,5967.3168
14,FS,1.25,5942.8293
14,FS,1.25,5983.8251
14,FS,1.25,5896.6849
14,FS,1.25,6481.5256
14,FS,1.25,5866.3873
14,FS,1.25,6787.8427
14,FS,1.2903225806451613,6486.8294
14,FS,1.2903225806451613,6093.5832
14,FS,1.2903225806451613,6549.0752
14,FS,1.2903225806451613,7137.1511
14,FS,1.2903225806451613,6340.1044
14,FS,1.2903225806451613,6054.5911
14,FS,1.2903225806451613,6449.0512
14,FS,1.2903225806451613,6250.9027
14,FS,1.2903225806451613,6266.3568
14,FS,1.2903225806451613,6242.9548
14,FS,1.2903225806451613,6328.2726
14,FS,1.2903225806451613,8108.8626
14,FS,1.2903225806451613,6420.5732
14,FS,1.2903225806451613,6326.0488
14,FS,1.2903225806451613,6391.9617
14,FS,1.2903225806451613,6172.337
14,FS,1.2903225806451613,6340.0553
14,FS,1.2903225806451613,6199.7057
14,FS,1.2903225806451613,6380.2091
14,FS,1.2903225806451613,6152.527
14,FS,1.3333333333333333,6962.5226
14,FS,1.3333333333333333,6849.609
14,FS,1.3333333333333333,6510.7275
14,FS,1.3333333333333333,6817.7582
14,FS,1.3333333333333333,6529.0392
14,FS,1.3333333333333333,6818.1228
14,FS,1.3333333333333333,6592.5277
14,FS,1.3333333333333333,6796.77
14,FS,1.3333333333333333,6545.92
14,FS,1.3333333333333333,8046.7237
14,FS,1.3333333333333333,6486.0819
14,FS,1.3333333333333333,6812.1973
14,FS,1.3333333333333333,7303.3941
14,FS,1.3333333333333333,7568.5137
14,FS,1.3333333333333333,6504.9563
14,FS,1.3333333333333333,7546.3681
14,FS,1.3333333333333333,6444.9726
14,FS,1.3333333333333333,6616.1186
14,FS,1.3333333333333333,6473.6362
14,FS,1.3333333333333333,7009.018
14,FS,1.3793103448275863,6763.751
14,FS,1.3793103448275863,7674.3947
14,FS,1.3793103448275863,7742.788
14,FS,1.3793103448275863,8698.4482
14,FS,1.3793103448275863,7308.0387
14,FS,1.3793103448275863,6987.378
14,FS,1.3793103448275863,6930.8684
14,FS,1.3793103448275863,8831.733
14,FS,1.3793103448275863,8260.1777
14,FS,1.3793103448275863,6960.2526
14,FS,1.3793103448275863,8862.7467
14,FS,1.3793103448275863,8971.5804
14,FS,1.3793103448275863,6947.4027
14,FS,1.3793103448275863,7776.911
14,FS,1.3793103448275863,6963.8123
14,FS,1.3793103448275863,8828.9681
14,FS,1.3793103448275863,8965.9554
14,FS,1.3793103448275863,8349.9004
14,FS,1.3793103448275863,9175.3469
14,FS,1.3793103448275863,8702.9974
14,FS,1.4285714285714286,9406.964
14,FS,1.4285714285714286,9570.0174
14,FS,1.4285714285714286,9390.9917
14,FS,1.4285714285714286,7742.5732
14,FS,1.4285714285714286,7943.6877
14,FS,1.4285714285714286,9845.667
14,FS,1.4285714285714286,7445.9231
14,FS,1.4285714285714286,9211.7108
14,FS,1.4285714285714286,8913.6197
14,FS,1.4285714285714286,8097.5044
14,FS,1.4285714285714286,9535.1681
14,FS,1.4285714285714286,9790.5904
14,FS,1.4285714285714286,9397.9459
14,FS,1.4285714285714286,9938.3564
14,FS,1.4285714285714286,9190.6722
14,FS,1.4285714285714286,9495.2298
14,FS,1.4285714285714286,9293.4794
14,FS,1.4285714285714286,10176.638
14,FS,1.4285714285714286,7396.4739
14,FS,1.4285714285714286,9897.1406
14,FS,1.4814814814814814,9503.6822
14,FS,1.4814814814814814,9584.7471
14,FS,1.4814814814814814,7930.3007
14,FS,1.4814814814814814,10050.11
14,FS,1.4814814814814814,10252.165
14,FS,1.4814814814814814,9208.4263
14,FS,1.4814814814814814,9666.0244
14,FS,1.4814814814814814,10338.887
14,FS,1.4814814814814814,7869.178
14,FS,1.4814814814814814,10377.297
14,FS,1.4814814814814814,8660.2525
14,FS,1.4814814814814814,10421.626
14,FS,1.4814814814814814,10301.287
14,FS,1.4814814814814814,9104.0206
14,FS,1.4814814814814814,9922.4888
14,FS,1.4814814814814814,8706.9065
14,FS,1.4814814814814814,9908.148
14,FS,1.4814814814814814,9734.7792
14,FS,1.4814814814814814,9968.6703
14,FS,1.4814814814814814,9468.0305
14,FS,1.5384615384615383,9978.8711
14,FS,1.5384615384615383,8700.5235
14,FS,1.5384615384615383,11421.533
14,FS,1.5384615384615383,11410.223
14,FS,1.5384615384615383,10960.289
14,FS,1.5384615384615383,11619.705
14,FS,1.5384615384615383,9589.2308
14,FS,1.5384615384615383,11245.215
14,FS,1.5384615384615383,8938.6262
14,FS,1.5384615384615383,9668.0236
14,FS,1.5384615384615383,10977.59
14,FS,1.5384615384615383,10360.891
14,FS,1.5384615384615383,10581.935
14,FS,1.5384615384615383,11361.545
14,FS,1.5384615384615383,10771.732
14,FS,1.5384615384615383,12184.328
14,FS,1.5384615384615383,10687.219
14,FS,1.5384615384615383,11374.982
14,FS,1.5384615384615383,9302.8702
14,FS,1.5384615384615383,11373.633
14,nomeas,1.176470588235294,5026.797
14,nomeas,1.176470588235294,5218.693
14,nomeas,1.176470588235294,4973.1818
14,nomeas,1.176470588235294,5307.2598
14,nomeas,1.176470588235294,4964.7913
14,nomeas,1.176470588235294,5298.5415
14,nomeas,1.176470588235294,4980.5446
14,nomeas,1.176470588235294,5354.3052
14,nomeas,1.176470588235294,4993.7698
14,nomeas,1.176470588235294,5261.4043
14,nomeas,1.176470588235294,4986.4861
14,nomeas,1.176470588235294,5330.1038
14,nomeas,1.176470588235294,5269.3152
14,nomeas,1.176470588235294,5178.3969
14,nomeas,1.176470588235294,5253.6677
14,nomeas,1.176470588235294,5294.6683
14,nomeas,1.176470588235294,5922.0228
14,nomeas,1.176470588235294,4971.9254
14,nomeas,1.176470588235294,5184.2128
14,nomeas,1.176470588235294,5065.6706
14,nomeas,1.2121212121212122,5300.3671
14,nomeas,1.2121212121212122,5486.516
14,nomeas,1.2121212121212122,5315.8041
14,nomeas,1.2121212121212122,5525.5775
14,nomeas,1.2121212121212122,5397.9431
14,nomeas,1.2121212121212122,5453.8849
14,nomeas,1.2121212121212122,5255.8828
14,nomeas,1.2121212121212122,5490.1828
14,nomeas,1.2121212121212122,5293.5669
14,nomeas,1.2121212121212122,5464.1341
14,nomeas,1.2121212121212122,5384.5733
14,nomeas,1.2121212121212122,5495.8898
14,nomeas,1.2121212121212122,6584.7366
14,nomeas,1.2121212121212122,5562.5826
14,nomeas,1.2121212121212122,5598.2401
14,nomeas,1.2121212121212122,5473.9407
14,nomeas,1.2121212121212122,5465.7209
14,nomeas,1.2121212121212122,5401.7395
14,nomeas,1.2121212121212122,5644.6307
14,nomeas,1.2121212121212122,5322.4453
14,nomeas,1.25,6288.3242
14,nomeas,1.25,5746.4625
14,nomeas,1.25,5947.3348
14,nomeas,1.25,5760.3953
14,nomeas,1.25,5722.9679
14,nomeas,1.25,5840.3854
14,nomeas,1.25,5735.7963
14,nomeas,1.25,5746.9487
14,nomeas,1.25,5773.0431
14,nomeas,1.25,5771.0552
14,nomeas,1.25,5711.7442
14,nomeas,1.25,5848.3585
14,nomeas,1.25,5855.0574
14,nomeas,1.25,5771.7806
14,nomeas,1.25,7143.3142
14,nomeas,1.25,6958.7697
14,nomeas,1.25,5900.7461
14,nomeas,1.25,5841.8502
14,nomeas,1.25,5999.3536
14,nomeas,1.25,5723.3607
14,nomeas,1.2903225806451613,7980.3167
14,nomeas,1.2903225806451613,6075.8627
14,nomeas,1.2903225806451613,8115.581
14,nomeas,1.2903225806451613,5888.5684
14,nomeas,1.2903225806451613,6256.5525
14,nomeas,1.2903225806451613,6014.4837
14,nomeas,1.2903225806451613,6306.2416
14,nomeas,1.2903225806451613,6182.4655
14,nomeas,1.2903225806451613,8100.0704
14,nomeas,1.2903225806451613,6780.719
14,nomeas,1.2903225806451613,6360.0533
14,nomeas,1.2903225806451613,6127.3397
14,nomeas,1.2903225806451613,6240.1714
14,nomeas,1.2903225806451613,7304.8658
14,nomeas,1.2903225806451613,7247.8901
14,nomeas,1.2903225806451613,6089.641
14,nomeas,1.2903225806451613,7843.9495
14,nomeas,1.2903225806451613,6070.1289
14,nomeas,1.2903225806451613,6304.7154
14,nomeas,1.2903225806451613,6484.0742
14,nomeas,1.3333333333333333,7657.9068
14,nomeas,1.3333333333333333,7213.1375
14,nomeas,1.3333333333333333,7418.6255
14,nomeas,1.3333333333333333,8030.4997
14,nomeas,1.3333333333333333,6312.6747
14,nomeas,1.3333333333333333,6564.3306
14,nomeas,1.3333333333333333,6285.3526
14,nomeas,1.3333333333333333,6796.1418
14,nomeas,1.3333333333333333,7011.8095
14,nomeas,1.3333333333333333,6565.4327
14,nomeas,1.3333333333333333,6340.7367
14,nomeas,1.3333333333333333,7276.543
14,nomeas,1.3333333333333333,7724.4782
14,nomeas,1.3333333333333333,6613.1814
14,nomeas,1.3333333333333333,8466.9044
14,nomeas,1.3333333333333333,8534.4362
14,nomeas,1.3333333333333333,6701.8326
14,nomeas,1.3333333333333333,6431.2479
14,nomeas,1.3333333333333333,6603.4636
14,nomeas,1.3333333333333333,6351.9474
14,nomeas,1.3793103448275863,6764.3619
14,nomeas,1.3793103448275863,7898.7799
14,nomeas,1.3793103448275863,6763.0598
14,nomeas,1.3793103448275863,6991.312
14,nomeas,1.3793103448275863,6722.0197
14,nomeas,1.3793103448275863,8615.9016
14,nomeas,1.3793103448275863,8288.4713
14,nomeas,1.3793103448275863,8950.163
14,nomeas,1.3793103448275863,7745.322
14,nomeas,1.3793103448275863,6904.7453
14,nomeas,1.3793103448275863,9111.7309
14,nomeas,1.3793103448275863,6743.5557
14,nomeas,1.3793103448275863,6787.1568
14,nomeas,1.3793103448275863,6766.6319
14,nomeas,1.3793103448275863,6715.2738
14,nomeas,1.3793103448275863,6766.4062
14,nomeas,1.3793103448275863,8589.4873
14,nomeas,1.3793103448275863,8786.8689
14,nomeas,1.3793103448275863,6791.4993
14,nomeas,1.3793103448275863,8540.3156
14,nomeas,1.4285714285714286,9753.4843
14,nomeas,1.4285714285714286,7724.445
14,nomeas,1.4285714285714286,7799.7467
14,nomeas,1.4285714285714286,7735.163
14,nomeas,1.4285714285714286,9469.2713
14,nomeas,1.4285714285714286,7574.5069
14,nomeas,1.4285714285714286,9648.9294
14,nomeas,1.4285714285714286,9387.2833
14,nomeas,1.4285714285714286,9295.9279
14,nomeas,1.4285714285714286,8875.6095
14,nomeas,1.4285714285714286,8896.7807
14,nomeas,1.4285714285714286,7565.5926
14,nomeas,1.4285714285714286,8079.6325
14,nomeas,1.4285714285714286,7488.036
14,nomeas,1.4285714285714286,8805.3375
14,nomeas,1.4285714285714286,7627.5818
14,nomeas,1.4285714285714286,9798.1032
14,nomeas,1.4285714285714286,9296.3111
14,nomeas,1.4285714285714286,8327.6546
14,nomeas,1.4285714285714286,9144.3815
14,nomeas,1.4814814814814814,9588.6508
14,nomeas,1.4814814814814814,9165.8134
14,nomeas,1.4814814814814814,7669.3681
14,nomeas,1.4814814814814814,8656.0656
14,nomeas,1.4814814814814814,10180.29
14,nomeas,1.4814814814814814,9480.8563
14,nomeas,1.4814814814814814,9740.5747
14,nomeas,1.4814814814814814,8704.0559
14,nomeas,1.4814814814814814,9240.8245
14,nomeas,1.4814814814814814,10077.905
14,nomeas,1.4814814814814814,10562.901
14,nomeas,1.4814814814814814,10442.863
14,nomeas,1.4814814814814814,10132.049
14,nomeas,1.4814814814814814,10542.008
14,nomeas,1.4814814814814814,10392.435
14,nomeas,1.4814814814814814,9071.3987
14,nomeas,1.4814814814814814,9888.2396
14,nomeas,1.4814814814814814,9488.1666
14,nomeas,1.4814814814814814,9604.4212
14,nomeas,1.4814814814814814,10105.048
14,nomeas,1.5384615384615383,10333.4
14,nomeas,1.5384615384615383,10479.026
14,nomeas,1.5384615384615383,10647.56
14,nomeas,1.5384615384615383,10212.873
14,nomeas,1.5384615384615383,10115.151
14,nomeas,1.5384615384615383,10761.977
14,nomeas,1.5384615384615383,10656.082
14,nomeas,1.5384615384615383,10769.393
14,nomeas,1.5384615384615383,9335.5837
14,nomeas,1.5384615384615383,10340.109
14,nomeas,1.5384615384615383,10882.231
14,nomeas,1.5384615384615383,10792.878
14,nomeas,1.5384615384615383,11259.248
14,nomeas,1.5384615384615383,10386.307
14,nomeas,1.5384615384615383,10565.217
14,nomeas,1.5384615384615383,10658.85
14,nomeas,1.5384615384615383,10280.754
14,nomeas,1.5384615384615383,10121.841
14,nomeas,1.5384615384615383,10738.375
14,nomeas,1.5384615384615383,10728.042
16,ES,1.176470588235294,9978.7748
16,ES,1.176470588235294,9852.9171
16,ES,1.176470588235294,9839.9274
16,ES,1.176470588235294,9979.3019
16,ES,1.176470588235294,10044.146
16,ES,1.176470588235294,9704.1271
16,ES,1.176470588235294,10156.585
16,ES,1.176470588235294,10158.819
16,ES,1.176470588235294,9998.6073
16,ES,1.176470588235294,9949.8811
16,ES,1.176470588235294,9877.0367
16,ES,1.176470588235294,9616.345
16,ES,1.176470588235294,10009.547
16,ES,1.176470588235294,9970.5186
16,ES,1.176470588235294,10103.407
16,ES,1.176470588235294,10017.311
16,ES,1.176470588235294,9790.277
16,ES,1.176470588235294,9499.062
16,ES,1.176470588235294,10072.337
16,ES,1.176470588235294,9752.1944
16,ES,1.2121212121212122,10653.862
16,ES,1.2121212121212122,10658.247
16,ES,1.2121212121212122,10816.212
16,ES,1.2121212121212122,10558.36
16,ES,1.2121212121212122,10700.772
16,ES,1.2121212121212122,10535.919
16,ES,1.2121212121212122,10756.765
16,ES,1.2121212121212122,10553.611
16,ES,1.2121212121212122,10758.623
16,ES,1.2121212121212122,10429.381
16,ES,1.2121212121212122,10626.419
16,ES,1.2121212121212122,10435.348
16,ES,1.2121212121212122,10666.816
16,ES,1.2121212121212122,10633.538
16,ES,1.2121212121212122,10690.541
16,ES,1.2121212121212122,10213.393
16,ES,1.2121212121212122,11110.97
16,ES,1.2121212121212122,10494.822
16,ES,1.2121212121212122,11042.802
16,ES,1.2121212121212122,10465.979
16,ES,1.25,11446.933
16,ES,1.25,11310.879
16,ES,1.25,11554.748
16,ES,1.25,11469.035
16,ES,1.25,11570.628
16,ES,1.25,11313.982
16,ES,1.25,11324.85
16,ES,1.25,11249.439
16,ES,1.25,11344.596
16,ES,1.25,11241.617
16,ES,1.25,11606.166
16,ES,1.25,11081.852
16,ES,1.25,11432.966
16,ES,1.25,11328.26
16,ES,1.25,11769.498
16,ES,1.25,11215.691
16,ES,1.25,11541.148
16,ES,1.25,11314.066
16,ES,1.25,11641.198
16,ES,1.25,11459.278
16,ES,1.2903225806451613,11984.387
16,ES,1.2903225806451613,12031.688
16,ES,1.2903225806451613,12238.364
16,ES,1.2903225806451613,12159.777
16,ES,1.2903225806451613,12319.286
16,ES,1.2903225806451613,11709.088
16,ES,1.2903225806451613,12472.748
16,ES,1.2903225806451613,12101.763
16,ES,1.2903225806451613,12022.749
16,ES,1.2903225806451613,12156.294
16,ES,1.2903225806451613,12033.503
16,ES,1.2903225806451613,12135.062
16,ES,1.2903225806451613,12202.308
16,ES,1.2903225806451613,12201.008
16,ES,1.2903225806451613,11878.535
16,ES,1.2903225806451613,11916.991
16,ES,1.2903225806451613,11994.692
16,ES,1.2903225806451613,12088.227
16,ES,1.2903225806451613,11872.568
16,ES,1.2903225806451613,12120.203
16,ES,1.3333333333333333,13203.746
16,ES,1.3333333333333333,12963.65
16,ES,1.3333333333333333,13188.954
16,ES,1.3333333333333333,12585.584
16,ES,1.3333333333333333,13096.21
16,ES,1.3333333333333333,12871.154
16,ES,1.3333333333333333,13077.357
16,ES,1.3333333333333333,12722.204
16,ES,1.3333333333333333,13118.115
16,ES,1.3333333333333333,12700.563
16,ES,1.3333333333333333,12515.953
16,ES,1.3333333333333333,12531.993
16,ES,1.3333333333333333,13315.4
16,ES,1.3333333333333333,12587.867
16,ES,1.3333333333333333,13297.341
16,ES,1.3333333333333333,12484.13
16,ES,1.3333333333333333,13172.41
16,ES,1.3333333333333333,12487.438
16,ES,1.3333333333333333,13625.564
16,ES,1.3333333333333333,12738.363
16,ES,1.3793103448275863,13611.115
16,ES,1.3793103448275863,13468.475
16,ES,1.3793103448275863,13451.626
16,ES,1.3793103448275863,13542.461
16,ES,1.3793103448275863,13652.411
16,ES,1.3793103448275863,13632.183
16,ES,1.3793103448275863,13450.459
16,ES,1.3793103448275863,13721.751
16,ES,1.3793103448275863,13379.294
16,ES,1.3793103448275863,13883.388
16,ES,1.3793103448275863,13645.312
16,ES,1.3793103448275863,13822.113
16,ES,1.3793103448275863,13585.017
16,ES,1.3793103448275863,13548.357
16,ES,1.3793103448275863,13045.707
16,ES,1.3793103448275863,13569.49
16,ES,1.3793103448275863,13775.175
16,ES,1.3793103448275863,13752.069
16,ES,1.3793103448275863,12830.04
16,ES,1.3793103448275863,13337.416
16,ES,1.4285714285714286,15063.17
16,ES,1.4285714285714286,14809.219
16,ES,1.4285714285714286,14827.404
16,ES,1.4285714285714286,14133.815
16,ES,1.4285714285714286,14373.993
16,ES,1.4285714285714286,14415.868
16,ES,1.4285714285714286,15299.646
16,ES,1.4285714285714286,14517.752
16,ES,1.4285714285714286,14507.703
16,ES,1.4285714285714286,14305.995
16,ES,1.4285714285714286,14934.601
16,ES,1.4285714285714286,15082.899
16,ES,1.4285714285714286,14348.754
16,ES,1.4285714285714286,14240.271
16,ES,1.4285714285714286,14903.435
16,ES,1.4285714285714286,14189.643
16,ES,1.4285714285714286,14806.987
16,ES,1.4285714285714286,14470.172
16,ES,1.4285714285714286,14772.556
16,ES,1.4285714285714286,14471.835
16,ES,1.4814814814814814,16003.26
16,ES,1.4814814814814814,15735.661
16,ES,1.4814814814814814,15272.229
16,ES,1.4814814814814814,15546.518
16,ES,1.4814814814814814,15259.665
16,ES,1.4814814814814814,15581.279
16,ES,1.4814814814814814,15884.944
16,ES,1.4814814814814814,15554.452
16,ES,1.4814814814814814,15863.708
16,ES,1.4814814814814814,15660.594
16,ES,1.4814814814814814,15947.366
16,ES,1.4814814814814814,15360.744
16,ES,1.4814814814814814,15548.594
16,ES,1.4814814814814814,15470.847
16,ES,1.4814814814814814,15329.781
16,ES,1.4814814814814814,15514.917
16,ES,1.4814814814814814,15793.09
16,ES,1.4814814814814814,15651.876
16,ES,1.4814814814814814,15533.523
16,ES,1.4814814814814814,15301.405
16,ES,1.5384615384615383,16886.189
16,ES,1.5384615384615383,16913.672
16,ES,1.5384615384615383,16925.019
16,ES,1.5384615384615383,16812.336
16,ES,1.5384615384615383,17372.808
16,ES,1.5384615384615383,16874.325
16,ES,1.5384615384615383,17098.747
16,ES,1.5384615384615383,16853.004
16,ES,1.5384615384615383,16902.126
16,ES,1.5384615384615383,17117.42
16,ES,1.5384615384615383,16660.482
16,ES,1.5384615384615383,16539.312
16,ES,1.5384615384615383,16957.758
16,ES,1.5384615384615383,16768.715
16,ES,1.5384615384615383,16790.144
16,ES,1.5384615384615383,16799.263
16,ES,1.5384615384615383,16997.349
16,ES,1.5384615384615383,16680.347
16,ES,1.5384615384615383,16741.879
16,ES,1.5384615384615383,16840.789
16,FS,1.176470588235294,9919.7878
16,FS,1.176470588235294,9757.124
16,FS,1.176470588235294,10451.802
16,FS,1.176470588235294,9920.1526
16,FS,1.176470588235294,10392.716
16,FS,1.176470588235294,10168.121
16,FS,1.176470588235294,10341.709
16,FS,1.176470588235294,9997.6252
16,FS,1.176470588235294,10503.607
16,FS,1.176470588235294,9938.945
16,FS,1.176470588235294,10307.289
16,FS,1.176470588235294,9569.486
16,FS,1.176470588235294,10441.708
16,FS,1.176470588235294,9595.7868
16,FS,1.176470588235294,10199.934
16,FS,1.176470588235294,10186.314
16,FS,1.176470588235294,10384.388
16,FS,1.176470588235294,10205.005
16,FS,1.176470588235294,10425.136
16,FS,1.176470588235294,9983.5844
16,FS,1.2121212121212122,11136.398
16,FS,1.2121212121212122,10628.482
16,FS,1.2121212121212122,11143.789
16,FS,1.2121212121212122,10835.421
16,FS,1.2121212121212122,11265.678
16,FS,1.2121212121212122,10727.911
16,FS,1.2121212121212122,11313.183
16,FS,1.2121212121212122,10843.616
16,FS,1.2121212121212122,11494.772
16,FS,1.2121212121212122,10485.056
16,FS,1.2121212121212122,10933.028
16,FS,1.2121212121212122,10544.308
16,FS,1.2121212121212122,11041.944
16,FS,1.2121212121212122,11030.326
16,FS,1.2121212121212122,11069.184
16,FS,1.2121212121212122,10755.883
16,FS,1.2121212121212122,10602.953
16,FS,1.2121212121212122,10589.055
16,FS,1.2121212121212122,10988.292
16,FS,1.2121212121212122,10551.118
16,FS,1.25,11913.758
16,FS,1.25,11569.986
16,FS,1.25,11962.667
16,FS,1.25,11278.086
16,FS,1.25,12151.405
16,FS,1.25,11678.198
16,FS,1.25,11708.435
16,FS,1.25,11543.959
16,FS,1.25,11953.308
16,FS,1.25,11521.743
16,FS,1.25,12287.71
16,FS,1.25,11796.773
16,FS,1.25,12073.923
16,FS,1.25,11533.938
16,FS,1.25,11961.354
16,FS,1.25,11665.66
16,FS,1.25,11564.05
16,FS,1.25,11202.349
16,FS,1.25,12097.101
16,FS,1.25,11630.631
16,FS,1.2903225806451613,12381.117
16,FS,1.2903225806451613,12156.96
16,FS,1.2903225806451613,11962.837
16,FS,1.2903225806451613,11985.064
16,FS,1.2903225806451613,12258.402
16,FS,1.2903225806451613,12168.471
16,FS,1.2903225806451613,12364.632
16,FS,1.2903225806451613,11914.738
16,FS,1.2903225806451613,12351.957
16,FS,1.2903225806451613,12176.346
16,FS,1.2903225806451613,12077.427
16,FS,1.2903225806451613,12351.26
16,FS,1.2903225806451613,12508.881
16,FS,1.2903225806451613,12184.839
16,FS,1.2903225806451613,12067.402
16,FS,1.2903225806451613,12306.076
16,FS,1.2903225806451613,12488.684
16,FS,1.2903225806451613,11719.574
16,FS,1.2903225806451613,11954.185
16,FS,1.2903225806451613,11852.74
16,FS,1.3333333333333333,13599.767
16,FS,1.3333333333333333,13342.674
16,FS,1.3333333333333333,13318.966
16,FS,1.3333333333333333,13284.646
16,FS,1.3333333333333333,13757.85
16,FS,1.3333333333333333,13146.669
16,FS,1.3333333333333333,13347.991
16,FS,1.3333333333333333,13387.887
16,FS,1.3333333333333333,14031.109
16,FS,1.3333333333333333,13234.695
16,FS,1.3333333333333333,13430.165
16,FS,1.3333333333333333,12608.529
16,FS,1.3333333333333333,13603.344
16,FS,1.3333333333333333,13387.329
16,FS,1.3333333333333333,13448.561
16,FS,1.3333333333333333,13017.305
16,FS,1.3333333333333333,13442.245
16,FS,1.3333333333333333,12971.097
16,FS,1.3333333333333333,13954.158
16,FS,1.3333333333333333,12915.591
16,FS,1.3793103448275863,13866.816
16,FS,1.3793103448275863,13195.801
16,FS,1.3793103448275863,13831.78
16,FS,1.3793103448275863,14071.599
16,FS,1.3793103448275863,13441.312
16,FS,1.3793103448275863,14141.623
16,FS,1.3793103448275863,13998.317
16,FS,1.3793103448275863,14173.988
16,FS,1.3793103448275863,14018.795
16,FS,1.3793103448275863,13990.386
16,FS,1.3793103448275863,13876.557
16,FS,1.3793103448275863,13847.704
16,FS,1.3793103448275863,13920.484
16,FS,1.3793103448275863,13711.15
16,FS,1.3793103448275863,14089.069
16,FS,1.3793103448275863,13825.379
16,FS,1.3793103448275863,13945.527
16,FS,1.3793103448275863,13347.47
16,FS,1.3793103448275863,13925.264
16,FS,1.3793103448275863,14586.437
16,FS,1.4285714285714286,15654.425
16,FS,1.4285714285714286,14660.753
16,FS,1.4285714285714286,15321.806
16,FS,1.4285714285714286,14685.284
16,FS,1.4285714285714286,15197.082
16,FS,1.4285714285714286,14697.442
16,FS,1.4285714285714286,15168.476
16,FS,1.4285714285714286,15373.687
16,FS,1.4285714285714286,15468.627
16,FS,1.4285714285714286,15077.626
16,FS,1.4285714285714286,15041.131
16,FS,1.4285714285714286,15101.824
16,FS,1.4285714285714286,15409.653
16,FS,1.4285714285714286,15046.976
16,FS,1.4285714285714286,15109.256
16,FS,1.4285714285714286,14744.413
16,FS,1.4285714285714286,15786.707
16,FS,1.4285714285714286,15022.09
16,FS,1.4285714285714286,15088.352
16,FS,1.4285714285714286,14956.567
16,FS,1.4814814814814814,16029.864
16,FS,1.4814814814814814,15568.643
16,FS,1.4814814814814814,15883.364
16,FS,1.4814814814814814,15780.155
16,FS,1.4814814814814814,15832.447
16,FS,1.4814814814814814,16156.167
16,FS,1.4814814814814814,16274.524
16,FS,1.4814814814814814,15957.876
16,FS,1.4814814814814814,15963.918
16,FS,1.4814814814814814,16376.613
16,FS,1.4814814814814814,16129.365
16,FS,1.4814814814814814,16050.823
16,FS,1.4814814814814814,16101.724
16,FS,1.4814814814814814,16041.113
16,FS,1.4814814814814814,16304.928
16,FS,1.4814814814814814,16442.909
16,FS,1.4814814814814814,15905.492
16,FS,1.4814814814814814,15694.109
16,FS,1.4814814814814814,15986.157
16,FS,1.4814814814814814,16483.341
16,FS,1.5384615384615383,17371.724
16,FS,1.5384615384615383,17271.156
16,FS,1.5384615384615383,17470.023
16,FS,1.5384615384615383,16885.984
16,FS,1.5384615384615383,17145.176
16,FS,1.5384615384615383,17308.048
16,FS,1.5384615384615383,17037.233
16,FS,1.5384615384615383,17224.215
16,FS,1.5384615384615383,17477.798
16,FS,1.5384615384615383,16963.941
16,FS,1.5384615384615383,17132.221
16,FS,1.5384615384615383,17490.106
16,FS,1.5384615384615383,17625.293
16,FS,1.5384615384615383,17492.685
16,FS,1.5384615384615383,17546.485
16,FS,1.5384615384615383,17266.792
16,FS,1.5384615384615383,16659.966
16,FS,1.5384615384615383,16880.785
16,FS,1.5384615384615383,17530.422
16,FS,1.5384615384615383,17575.278
16,nomeas,1.176470588235294,9921.3303
16,nomeas,1.176470588235294,9883.4553
16,nomeas,1.176470588235294,10086.301
16,nomeas,1.176470588235294,9372.6519
16,nomeas,1.176470588235294,9826.1923
16,nomeas,1.176470588235294,9964.1322
16,nomeas,1.176470588235294,9636.6303
16,nomeas,1.176470588235294,9840.9048
16,nomeas,1.176470588235294,10052.322
16,nomeas,1.176470588235294,9895.0315
16,nomeas,1.176470588235294,10070.524
16,nomeas,1.176470588235294,9502.2549
16,nomeas,1.176470588235294,10160.275
16,nomeas,1.176470588235294,10127.555
16,nomeas,1.176470588235294,10199.752
16,nomeas,1.176470588235294,9974.8802
16,nomeas,1.176470588235294,9914.4029
16,nomeas,1.176470588235294,10258.244
16,nomeas,1.176470588235294,9805.2333
16,nomeas,1.176470588235294,10200.872
16,nomeas,1.2121212121212122,10853.502
16,nomeas,1.2121212121212122,10299.419
16,nomeas,1.2121212121212122,10771.46
16,nomeas,1.2121212121212122,10644.872
16,nomeas,1.2121212121212122,10766.533
16,nomeas,1.2121212121212122,10248.699
16,nomeas,1.2121212121212122,10589.505
16,nomeas,1.2121212121212122,10864.353
16,nomeas,1.2121212121212122,10671.873
16,nomeas,1.2121212121212122,10450.275
16,nomeas,1.2121212121212122,10710.978
16,nomeas,1.2121212121212122,10951.455
16,nomeas,1.2121212121212122,10627.418
16,nomeas,1.2121212121212122,10928.4
16,nomeas,1.2121212121212122,10820.716
16,nomeas,1.2121212121212122,11027.685
16,nomeas,1.2121212121212122,10401.836
16,nomeas,1.2121212121212122,10531.989
16,nomeas,1.2121212121212122,10440.344
16,nomeas,1.2121212121212122,10223.03
16,nomeas,1.25,11692.292
16,nomeas,1.25,11503.638
16,nomeas,1.25,11524.681
16,nomeas,1.25,11198.66
16,nomeas,1.25,11317.652
16,nomeas,1.25,11533.503
16,nomeas,1.25,11863.075
16,nomeas,1.25,11415.288
16,nomeas,1.25,11409.836
16,nomeas,1.25,11658.559
16,nomeas,1.25,11637.435
16,nomeas,1.25,11657.887
16,nomeas,1.25,11580.817
16,nomeas,1.25,11472.389
16,nomeas,1.25,11700.908
16,nomeas,1.25,11795.702
16,nomeas,1.25,11169.037
16,nomeas,1.25,11880.426
16,nomeas,1.25,11802.618
16,nomeas,1.25,11821.808
16,nomeas,1.2903225806451613,11990.217
16,nomeas,1.2903225806451613,11590.753
16,nomeas,1.2903225806451613,12073.339
16,nomeas,1.2903225806451613,12281.192
16,nomeas,1.2903225806451613,11868.744
16,nomeas,1.2903225806451613,11625.8
16,nomeas,1.2903225806451613,12038.461
16,nomeas,1.2903225806451613,11960.717
16,nomeas,1.2903225806451613,11970.978
16,nomeas,1.2903225806451613,11581.387
16,nomeas,1.2903225806451613,11860.058
16,nomeas,1.2903225806451613,11985.251
16,nomeas,1.2903225806451613,11821.929
16,nomeas,1.2903225806451613,11837.895
16,nomeas,1.2903225806451613,11862.438
16,nomeas,1.2903225806451613,12011.184
16,nomeas,1.2903225806451613,12018.432
16,nomeas,1.2903225806451613,11937.147
16,nomeas,1.2903225806451613,12324.124
16,nomeas,1.2903225806451613,12455.389
16,nomeas,1.3333333333333333,13121.136
16,nomeas,1.3333333333333333,12861.222
16,nomeas,1.3333333333333333,13013.015
16,nomeas,1.3333333333333333,12468.693
16,nomeas,1.3333333333333333,13414.746
16,nomeas,1.3333333333333333,12830.916
16,nomeas,1.3333333333333333,12856.718
16,nomeas,1.3333333333333333,13070.155
16,nomeas,1.3333333333333333,12985.076
16,nomeas,1.3333333333333333,12602.703
16,nomeas,1.3333333333333333,12939.281
16,nomeas,1.3333333333333333,13241.79
16,nomeas,1.3333333333333333,13328.554
16,nomeas,1.3333333333333333,13168.36
16,nomeas,1.3333333333333333,13149.09
16,nomeas,1.3333333333333333,13369.337
16,nomeas,1.3333333333333333,12396.153
16,nomeas,1.3333333333333333,13009.857
16,nomeas,1.3333333333333333,12836.127
16,nomeas,1.3333333333333333,12568.226
16,nomeas,1.3793103448275863,13416.949
16,nomeas,1.3793103448275863,13419.982
16,nomeas,1.3793103448275863,13268.529
16,nomeas,1.3793103448275863,13969.064
16,nomeas,1.3793103448275863,13438.775
16,nomeas,1.3793103448275863,13822.847
16,nomeas,1.3793103448275863,13465.569
16,nomeas,1.3793103448275863,13171.007
16,nomeas,1.3793103448275863,13215.208
16,nomeas,1.3793103448275863,13259.955
16,nomeas,1.3793103448275863,13654.101
16,nomeas,1.3793103448275863,13557.304
16,nomeas,1.3793103448275863,13439.1
16,nomeas,1.3793103448275863,13544.02
16,nomeas,1.3793103448275863,13420.551
16,nomeas,1.3793103448275863,13127.823
16,nomeas,1.3793103448275863,13547.114
16,nomeas,1.3793103448275863,13478.527
16,nomeas,1.3793103448275863,13401.347
16,nomeas,1.3793103448275863,13055.869
16,nomeas,1.4285714285714286,14843.603
16,nomeas,1.4285714285714286,14582.176
16,nomeas,1.4285714285714286,15102.87
16,nomeas,1.4285714285714286,14389.551
16,nomeas,1.4285714285714286,14363.455
16,nomeas,1.4285714285714286,14342.08
16,nomeas,1.4285714285714286,14733.863
16,nomeas,1.4285714285714286,14123.538
16,nomeas,1.4285714285714286,14841.779
16,nomeas,1.4285714285714286,14093.805
16,nomeas,1.4285714285714286,14721.272
16,nomeas,1.4285714285714286,14783.852
16,nomeas,1.4285714285714286,14993.681
16,nomeas,1.4285714285714286,15072.981
16,nomeas,1.4285714285714286,14932.666
16,nomeas,1.4285714285714286,15083.485
16,nomeas,1.4285714285714286,14267.629
16,nomeas,1.4285714285714286,14914.307
16,nomeas,1.4285714285714286,14254.742
16,nomeas,1.4285714285714286,14699.359
16,nomeas,1.4814814814814814,15576.429
16,nomeas,1.4814814814814814,15568.27
16,nomeas,1.4814814814814814,15590.358
16,nomeas,1.4814814814814814,15816.359
16,nomeas,1.4814814814814814,15069.24
16,nomeas,1.4814814814814814,15877.192
16,nomeas,1.4814814814814814,15727.768
16,nomeas,1.4814814814814814,15660.966
16,nomeas,1.4814814814814814,15788.614
16,nomeas,1.4814814814814814,15997.444
16,nomeas,1.4814814814814814,16163.108
16,nomeas,1.4814814814814814,15613.839
16,nomeas,1.4814814814814814,15889.432
16,nomeas,1.4814814814814814,15933.82
16,nomeas,1.4814814814814814,15622.858
16,nomeas,1.4814814814814814,15202.947
16,nomeas,1.4814814814814814,15659.547
16,nomeas,1.4814814814814814,15905.822
16,nomeas,1.4814814814814814,16018.402
16,nomeas,1.4814814814814814,15602.016
16,nomeas,1.5384615384615383,16901.226
16,nomeas,1.5384615384615383,16464.75
16,nomeas,1.5384615384615383,16758.529
16,nomeas,1.5384615384615383,16583.115
16,nomeas,1.5384615384615383,16872.561
16,nomeas,1.5384615384615383,16826.856
16,nomeas,1.5384615384615383,16567.291
16,nomeas,1.5384615384615383,16748.995
16,nomeas,1.5384615384615383,16988.168
16,nomeas,1.5384615384615383,16495.591
16,nomeas,1.5384615384615383,16749.046
16,nomeas,1.5384615384615383,16517.54
16,nomeas,1.5384615384615383,16755.071
16,nomeas,1.5384615384615383,17160.774
16,nomeas,1.5384615384615383,17042.682
16,nomeas,1.5384615384615383,17001.321
16,nomeas,1.5384615384615383,16952.66
16,nomeas,1.5384615384615383,17297.947
16,nomeas,1.5384615384615383,16551.284
16,nomeas,1.5384615384615383,16640.133
18,ES,1.176470588235294,15539.059
18,ES,1.176470588235294,16421.617
18,ES,1.176470588235294,16274.49
18,ES,1.176470588235294,16724.526
18,ES,1.176470588235294,15842.405
18,ES,1.176470588235294,16396.354
18,ES,1.176470588235294,16016.55
18,ES,1.176470588235294,16727.316
18,ES,1.176470588235294,15900.955
18,ES,1.176470588235294,16345.062
18,ES,1.176470588235294,16019.554
18,ES,1.176470588235294,16429.518
18,ES,1.176470588235294,16158.113
18,ES,1.176470588235294,17220.244
18,ES,1.176470588235294,15769.267
18,ES,1.176470588235294,16216.335
18,ES,1.176470588235294,16026.287
18,ES,1.176470588235294,16248.482
18,ES,1.176470588235294,15961.072
18,ES,1.176470588235294,17064.5
18,ES,1.2121212121212122,17290.695
18,ES,1.2121212121212122,16731.705
18,ES,1.2121212121212122,17352.807
18,ES,1.2121212121212122,17298.347
18,ES,1.2121212121212122,16992.038
18,ES,1.2121212121212122,16957.147
18,ES,1.2121212121212122,16947.696
18,ES,1.2121212121212122,16935.606
18,ES,1.2121212121212122,17073.747
18,ES,1.2121212121212122,16705.55
18,ES,1.2121212121212122,16825.853
18,ES,1.2121212121212122,16805.461
18,ES,1.2121212121212122,16792.735
18,ES,1.2121212121212122,16986.971
18,ES,1.2121212121212122,17304.608
18,ES,1.2121212121212122,16767.744
18,ES,1.2121212121212122,17030.793
18,ES,1.2121212121212122,16822.365
18,ES,1.2121212121212122,16670.901
18,ES,1.2121212121212122,17087.322
18,ES,1.25,18696.392
18,ES,1.25,18514.887
18,ES,1.25,18419.894
18,ES,1.25,18843.004
18,ES,1.25,18288.116
18,ES,1.25,18677.042
18,ES,1.25,18455.925
18,ES,1.25,18257.316
18,ES,1.25,18764.534
18,ES,1.25,19117.948
18,ES,1.25,18827.85
18,ES,1.25,18864.155
18,ES,1.25,19017.636
18,ES,1.25,18428.008
18,ES,1.25,18738.449
18,ES,1.25,19303.791
18,ES,1.25,18164.126
18,ES,1.25,19572.906
18,ES,1.25,20106.311
18,ES,1.25,19227.746
18,ES,1.2903225806451613,20037.473
18,ES,1.2903225806451613,20122.175
18,ES,1.2903225806451613,19606.589
18,ES,1.2903225806451613,19789.333
18,ES,1.2903225806451613,20045.95
18,ES,1.2903225806451613,19907.811
18,ES,1.2903225806451613,19960.224
18,ES,1.2903225806451613,20094.12
18,ES,1.2903225806451613,19630.705
18,ES,1.2903225806451613,20032.526
18,ES,1.2903225806451613,20433.214
18,ES,1.2903225806451613,20691.601
18,ES,1.2903225806451613,20326.389
18,ES,1.2903225806451613,19725.948
18,ES,1.2903225806451613,20540.677
18,ES,1.2903225806451613,19365.806
18,ES,1.2903225806451613,20611.142
18,ES,1.2903225806451613,20009.835
18,ES,1.2903225806451613,21353.037
18,ES,1.2903225806451613,19407.211
18,ES,1.3333333333333333,20441.971
18,ES,1.3333333333333333,20741.139
18,ES,1.3333333333333333,20927.93
18,ES,1.3333333333333333,20493.349
18,ES,1.3333333333333333,20434.66
18,ES,1.3333333333333333,21396.499
18,ES,1.3333333333333333,20518.04
18,ES,1.3333333333333333,20471.285
18,ES,1.3333333333333333,20327.136
18,ES,1.3333333333333333,20001.979
18,ES,1.3333333333333333,20349.657
18,ES,1.3333333333333333,20524.42
18,ES,1.3333333333333333,20415.882
18,ES,1.3333333333333333,19907.45
18,ES,1.3333333333333333,20547.176
18,ES,1.3333333333333333,20690.22
18,ES,1.3333333333333333,20178.389
18,ES,1.3333333333333333,20818.699
18,ES,1.3333333333333333,20329.677
18,ES,1.3333333333333333,20459.583
18,ES,1.3793103448275863,21383.328
18,ES,1.3793103448275863,21958.342
18,ES,1.3793103448275863,21273.426
18,ES,1.3793103448275863,21359.558
18,ES,1.3793103448275863,21765.031
18,ES,1.3793103448275863,21983.747
18,ES,1.3793103448275863,21691.941
18,ES,1.3793103448275863,22172.816
18,ES,1.3793103448275863,22924.594
18,ES,1.3793103448275863,21749.814
18,ES,1.3793103448275863,22423.615
18,ES,1.3793103448275863,22219.288
18,ES,1.3793103448275863,22441.284
18,ES,1.3793103448275863,22275.145
18,ES,1.3793103448275863,22314.819
18,ES,1.3793103448275863,22000.035
18,ES,1.3793103448275863,21886.794
18,ES,1.3793103448275863,21815.519
18,ES,1.3793103448275863,22022.273
18,ES,1.3793103448275863,21598.982
18,ES,1.4285714285714286,23662.23
18,ES,1.4285714285714286,23965.014
18,ES,1.4285714285714286,23601.709
18,ES,1.4285714285714286,23724.506
18,ES,1.4285714285714286,23792.645
18,ES,1.4285714285714286,24472.902
18,ES,1.4285714285714286,22507.892
18,ES,1.4285714285714286,23758.487
18,ES,1.4285714285714286,23578.382
18,ES,1.4285714285714286,23599.152
18,ES,1.4285714285714286,22953.583
18,ES,1.4285714285714286,24813.819
18,ES,1.4285714285714286,22858.242
18,ES,1.4285714285714286,24450.418
18,ES,1.4285714285714286,22809.707
18,ES,1.4285714285714286,24104.896
18,ES,1.4285714285714286,23427.209
18,ES,1.4285714285714286,24173.978
18,ES,1.4285714285714286,23949.68
18,ES,1.4285714285714286,24541.37
18,ES,1.4814814814814814,24758.605
18,ES,1.4814814814814814,26283.81
18,ES,1.4814814814814814,25520.029
18,ES,1.4814814814814814,24980.059
18,ES,1.4814814814814814,25398.385
18,ES,1.4814814814814814,25836.61
18,ES,1.4814814814814814,25497.148
18,ES,1.4814814814814814,25066.069
18,ES,1.4814814814814814,26050.035
18,ES,1.4814814814814814,26315.951
18,ES,1.4814814814814814,25500.053
18,ES,1.4814814814814814,24342.902
18,ES,1.4814814814814814,25670.158
18,ES,1.4814814814814814,26029.471
18,ES,1.4814814814814814,25590.379
18,ES,1.4814814814814814,25487.811
18,ES,1.4814814814814814,26901.537
18,ES,1.4814814814814814,25092.5
18,ES,1.4814814814814814,24964.006
18,ES,1.4814814814814814,24915.659
18,ES,1.5384615384615383,26997.973
18,ES,1.5384615384615383,27274.604
18,ES,1.5384615384615383,28408.177
18,ES,1.5384615384615383,26552.461
18,ES,1.5384615384615383,28953.185
18,ES,1.5384615384615383,27539.34
18,ES,1.5384615384615383,27795.871
18,ES,1.5384615384615383,28797.593
18,ES,1.5384615384615383,27923.458
18,ES,1.5384615384615383,27059.242
18,ES,1.5384615384615383,28859.169
18,ES,1.5384615384615383,28132.981
18,ES,1.5384615384615383,28142.828
18,ES,1.5384615384615383,27999.846
18,ES,1.5384615384615383,28756.736
18,ES,1.5384615384615383,28265.399
18,ES,1.5384615384615383,26899.932
18,ES,1.5384615384615383,28104.316
18,ES,1.5384615384615383,27710.332
18,ES,1.5384615384615383,27299.239
18,FS,1.176470588235294,16565.554
18,FS,1.176470588235294,17424.106
18,FS,1.176470588235294,16222.533
18,FS,1.176470588235294,17314.412
18,FS,1.176470588235294,17171.577
18,FS,1.176470588235294,17380.899
18,FS,1.176470588235294,16590.68
18,FS,1.176470588235294,17307.274
18,FS,1.176470588235294,16470.858
18,FS,1.176470588235294,17166.771
18,FS,1.176470588235294,16452.496
18,FS,1.176470588235294,16960.619
18,FS,1.176470588235294,16560.305
18,FS,1.176470588235294,17219.858
18,FS,1.176470588235294,16388.642
18,FS,1.176470588235294,17307.978
18,FS,1.176470588235294,16576.735
18,FS,1.176470588235294,17149.468
18,FS,1.176470588235294,16403.837
18,FS,1.176470588235294,17179.514
18,FS,1.2121212121212122,17302.372
18,FS,1.2121212121212122,17402.59
18,FS,1.2121212121212122,18078.657
18,FS,1.2121212121212122,17890.392
18,FS,1.2121212121212122,17559.338
18,FS,1.2121212121212122,17360.023
18,FS,1.2121212121212122,17720.36
18,FS,1.2121212121212122,17118.185
18,FS,1.2121212121212122,17751.498
18,FS,1.2121212121212122,17669.829
18,FS,1.2121212121212122,17257.799
18,FS,1.2121212121212122,17664.222
18,FS,1.2121212121212122,17312.72
18,FS,1.2121212121212122,17677.12
18,FS,1.2121212121212122,17726.672
18,FS,1.2121212121212122,17763.779
18,FS,1.2121212121212122,17665.497
18,FS,1.2121212121212122,17562.249
18,FS,1.2121212121212122,17945.321
18,FS,1.2121212121212122,17296.937
18,FS,1.25,19636.265
18,FS,1.25,19475.878
18,FS,1.25,19353.61
18,FS,1.25,19817.471
18,FS,1.25,20014.931
18,FS,1.25,19237.288
18,FS,1.25,19714.976
18,FS,1.25,19800.318
18,FS,1.25,19320.338
18,FS,1.25,19278.129
18,FS,1.25,20046.019
18,FS,1.25,19552.749
18,FS,1.25,20771.651
18,FS,1.25,19595.387
18,FS,1.25,20746.398
18,FS,1.25,19773.954
18,FS,1.25,20104.96
18,FS,1.25,19003.51
18,FS,1.25,20455.01
18,FS,1.25,19917.268
18,FS,1.2903225806451613,20951.582
18,FS,1.2903225806451613,19237.014
18,FS,1.2903225806451613,21021.936
18,FS,1.2903225806451613,20080.377
18,FS,1.2903225806451613,20852.447
18,FS,1.2903225806451613,20633.287
18,FS,1.2903225806451613,21505.132
18,FS,1.2903225806451613,20538.437
18,FS,1.2903225806451613,20934.09
18,FS,1.2903225806451613,19960.909
18,FS,1.2903225806451613,21008.101
18,FS,1.2903225806451613,20116.237
18,FS,1.2903225806451613,21288.976
18,FS,1.2903225806451613,19942.336
18,FS,1.2903225806451613,20419.063
18,FS,1.2903225806451613,21334.163
18,FS,1.2903225806451613,20839.752
18,FS,1.2903225806451613,20588.947
18,FS,1.2903225806451613,21419.224
18,FS,1.2903225806451613,20759.083
18,FS,1.3333333333333333,21331.178
18,FS,1.3333333333333333,21160.735
18,FS,1.3333333333333333,20920.504
18,FS,1.3333333333333333,21646.374
18,FS,1.3333333333333333,20850.434
18,FS,1.3333333333333333,21041.984
18,FS,1.3333333333333333,21008.286
18,FS,1.3333333333333333,21730.456
18,FS,1.3333333333333333,21396.735
18,FS,1.3333333333333333,20791.494
18,FS,1.3333333333333333,20678.332
18,FS,1.3333333333333333,20815.085
18,FS,1.3333333333333333,20985.276
18,FS,1.3333333333333333,21287.043
18,FS,1.3333333333333333,21170.239
18,FS,1.3333333333333333,21303.05
18,FS,1.3333333333333333,21041.569
18,FS,1.3333333333333333,21567.029
18,FS,1.3333333333333333,21694.388
18,FS,1.3333333333333333,21126.315
18,FS,1.3793103448275863,22781.369
18,FS,1.3793103448275863,22783.674
18,FS,1.3793103448275863,23416.388
18,FS,1.3793103448275863,22190.792
18,FS,1.3793103448275863,23876.047
18,FS,1.3793103448275863,22420.299
18,FS,1.3793103448275863,23143.885
18,FS,1.3793103448275863,22492.367
18,FS,1.3793103448275863,22465.715
18,FS,1.3793103448275863,22307.069
18,FS,1.3793103448275863,22844.471
18,FS,1.3793103448275863,22857.983
18,FS,1.3793103448275863,23425.978
18,FS,1.3793103448275863,22023.041
18,FS,1.3793103448275863,22678.74
18,FS,1.3793103448275863,23199.153
18,FS,1.3793103448275863,23386.16
18,FS,1.3793103448275863,22466.49
18,FS,1.3793103448275863,22466.938
18,FS,1.3793103448275863,21508.328
18,FS,1.4285714285714286,23955.958
18,FS,1.4285714285714286,25480.663
18,FS,1.4285714285714286,24219.703
18,FS,1.4285714285714286,24829.132
18,FS,1.4285714285714286,23904.54
18,FS,1.4285714285714286,24503.58
18,FS,1.4285714285714286,23392.657
18,FS,1.4285714285714286,24883.168
18,FS,1.4285714285714286,25003.196
18,FS,1.4285714285714286,24897.284
18,FS,1.4285714285714286,24607.502
18,FS,1.4285714285714286,25402.667
18,FS,1.4285714285714286,24323.572
18,FS,1.4285714285714286,24973.488
18,FS,1.4285714285714286,24144.977
18,FS,1.4285714285714286,25377.335
18,FS,1.4285714285714286,24156.077
18,FS,1.4285714285714286,24025.102
18,FS,1.4285714285714286,24852.116
18,FS,1.4285714285714286,23668.747
18,FS,1.4814814814814814,26334.109
18,FS,1.4814814814814814,25277.511
18,FS,1.4814814814814814,25949.434
18,FS,1.4814814814814814,26651.477
18,FS,1.4814814814814814,27762.929
18,FS,1.4814814814814814,26549.468
18,FS,1.4814814814814814,26114.033
18,FS,1.4814814814814814,26565.336
18,FS,1.4814814814814814,26545.106
18,FS,1.4814814814814814,26366.871
18,FS,1.4814814814814814,25782.709
18,FS,1.4814814814814814,26896.766
18,FS,1.4814814814814814,26160.694
18,FS,1.4814814814814814,25260.573
18,FS,1.4814814814814814,26043.092
18,FS,1.4814814814814814,25744.39
18,FS,1.4814814814814814,25781.911
18,FS,1.4814814814814814,26647.123
18,FS,1.4814814814814814,26971.366
18,FS,1.4814814814814814,26412.739
18,FS,1.5384615384615383,28704.26
18,FS,1.5384615384615383,28677.879
18,FS,1.5384615384615383,29261.811
18,FS,1.5384615384615383,29104.545
18,FS,1.5384615384615383,29001.367
18,FS,1.5384615384615383,27580.133
18,FS,1.5384615384615383,28186.774
18,FS,1.5384615384615383,28743.904
18,FS,1.5384615384615383,28476.995
18,FS,1.5384615384615383,28326.2
18,FS,1.5384615384615383,28811.833
18,FS,1.5384615384615383,28821.218
18,FS,1.5384615384615383,30337.476
18,FS,1.5384615384615383,27798.024
18,FS,1.5384615384615383,29637.702
18,FS,1.5384615384615383,29525.288
18,FS,1.5384615384615383,28725.099
18,FS,1.5384615384615383,27466.922
18,FS,1.5384615384615383,28351.564
18,FS,1.5384615384615383,29053.206
18,nomeas,1.176470588235294,16059.993
18,nomeas,1.176470588235294,16726.059
18,nomeas,1.176470588235294,16112.878
18,nomeas,1.176470588235294,16771.393
18,nomeas,1.176470588235294,16003.73
18,nomeas,1.176470588235294,16872.31
18,nomeas,1.176470588235294,16112.856
18,nomeas,1.176470588235294,16356.884
18,nomeas,1.176470588235294,16625.9
18,nomeas,1.176470588235294,16218.416
18,nomeas,1.176470588235294,16133.064
18,nomeas,1.176470588235294,16558.682
18,nomeas,1.176470588235294,16902.949
18,nomeas,1.176470588235294,16265.067
18,nomeas,1.176470588235294,16729.757
18,nomeas,1.176470588235294,15967.479
18,nomeas,1.176470588235294,16499.774
18,nomeas,1.176470588235294,15875.148
18,nomeas,1.176470588235294,16656.123
18,nomeas,1.176470588235294,15527.072
18,nomeas,1.2121212121212122,17472.268
18,nomeas,1.2121212121212122,16762.801
18,nomeas,1.2121212121212122,16518.349
18,nomeas,1.2121212121212122,17275.114
18,nomeas,1.2121212121212122,17547.416
18,nomeas,1.2121212121212122,16612.232
18,nomeas,1.2121212121212122,16658.639
18,nomeas,1.2121212121212122,16538.288
18,nomeas,1.2121212121212122,16721.293
18,nomeas,1.2121212121212122,17037.952
18,nomeas,1.2121212121212122,17556.425
18,nomeas,1.2121212121212122,17584.029
18,nomeas,1.2121212121212122,17348.126
18,nomeas,1.2121212121212122,17206.777
18,nomeas,1.2121212121212122,17545.832
18,nomeas,1.2121212121212122,16967.047
18,nomeas,1.2121212121212122,17239.834
18,nomeas,1.2121212121212122,16691.827
18,nomeas,1.2121212121212122,16855.904
18,nomeas,1.2121212121212122,17094.548
18,nomeas,1.25,19721.658
18,nomeas,1.25,19432.514
18,nomeas,1.25,20092.446
18,nomeas,1.25,19668.59
18,nomeas,1.25,19763.867
18,nomeas,1.25,18888.788
18,nomeas,1.25,19764.323
18,nomeas,1.25,18310.675
18,nomeas,1.25,19464.331
18,nomeas,1.25,18390.361
18,nomeas,1.25,19956.286
18,nomeas,1.25,18879.678
18,nomeas,1.25,19375.454
18,nomeas,1.25,18653.936
18,nomeas,1.25,19644.751
18,nomeas,1.25,19091.733
18,nomeas,1.25,19363.681
18,nomeas,1.25,19145.183
18,nomeas,1.25,19340.232
18,nomeas,1.25,18979.641
18,nomeas,1.2903225806451613,20164.223
18,nomeas,1.2903225806451613,19470.182
18,nomeas,1.2903225806451613,20116.426
18,nomeas,1.2903225806451613,20008.797
18,nomeas,1.2903225806451613,20163.303
18,nomeas,1.2903225806451613,20053.085
18,nomeas,1.2903225806451613,20191.356
18,nomeas,1.2903225806451613,19512.38
18,nomeas,1.2903225806451613,20054.203
18,nomeas,1.2903225806451613,19413.915
18,nomeas,1.2903225806451613,20440.686
18,nomeas,1.2903225806451613,20821.299
18,nomeas,1.2903225806451613,20423.71
18,nomeas,1.2903225806451613,19418.867
18,nomeas,1.2903225806451613,20874.057
18,nomeas,1.2903225806451613,19186.003
18,nomeas,1.2903225806451613,20083.28
18,nomeas,1.2903225806451613,20186.51
18,nomeas,1.2903225806451613,20299.689
18,nomeas,1.2903225806451613,20135.434
18,nomeas,1.3333333333333333,20528.601
18,nomeas,1.3333333333333333,20813.316
18,nomeas,1.3333333333333333,20255.578
18,nomeas,1.3333333333333333,20343.169
18,nomeas,1.3333333333333333,19945.918
18,nomeas,1.3333333333333333,20646.981
18,nomeas,1.3333333333333333,21143.622
18,nomeas,1.3333333333333333,20212.518
18,nomeas,1.3333333333333333,20943.517
18,nomeas,1.3333333333333333,20561.974
18,nomeas,1.3333333333333333,20590.594
18,nomeas,1.3333333333333333,19925.848
18,nomeas,1.3333333333333333,20360.054
18,nomeas,1.3333333333333333,20908.872
18,nomeas,1.3333333333333333,20713.629
18,nomeas,1.3333333333333333,20716.626
18,nomeas,1.3333333333333333,21115.614
18,nomeas,1.3333333333333333,20753.68
18,nomeas,1.3333333333333333,20404.476
18,nomeas,1.3333333333333333,20691.77
18,nomeas,1.3793103448275863,22672.842
18,nomeas,1.3793103448275863,21536.222
18,nomeas,1.3793103448275863,21363.726
18,nomeas,1.3793103448275863,22673.964
18,nomeas,1.3793103448275863,22649.084
18,nomeas,1.3793103448275863,22283.716
18,nomeas,1.3793103448275863,22121.19
18,nomeas,1.3793103448275863,22503.961
18,nomeas,1.3793103448275863,22368.362
18,nomeas,1.3793103448275863,22372.239
18,nomeas,1.3793103448275863,21396.74
18,nomeas,1.3793103448275863,21898.272
18,nomeas,1.3793103448275863,22641.049
18,nomeas,1.3793103448275863,21592.902
18,nomeas,1.3793103448275863,21840.127
18,nomeas,1.3793103448275863,22549.087
18,nomeas,1.3793103448275863,21807.251
18,nomeas,1.3793103448275863,21149.966
18,nomeas,1.3793103448275863,22519.181
18,nomeas,1.3793103448275863,21528.986
18,nomeas,1.4285714285714286,23415.996
18,nomeas,1.4285714285714286,24062.609
18,nomeas,1.4285714285714286,23290.61
18,nomeas,1.4285714285714286,24478.709
18,nomeas,1.4285714285714286,23390.027
18,nomeas,1.4285714285714286,25099.031
18,nomeas,1.4285714285714286,23381.919
18,nomeas,1.4285714285714286,24401.046
18,nomeas,1.4285714285714286,24427.229
18,nomeas,1.4285714285714286,24123.258
18,nomeas,1.4285714285714286,23889.53
18,nomeas,1.4285714285714286,24532.695
18,nomeas,1.4285714285714286,24803.249
18,nomeas,1.4285714285714286,23089.355
18,nomeas,1.4285714285714286,24474.106
18,nomeas,1.4285714285714286,23131.504
18,nomeas,1.4285714285714286,24241.433
18,nomeas,1.4285714285714286,23702.9
18,nomeas,1.4285714285714286,25834.091
18,nomeas,1.4285714285714286,23042.931
18,nomeas,1.4814814814814814,24958.895
18,nomeas,1.4814814814814814,25701.428
18,nomeas,1.4814814814814814,25554.464
18,nomeas,1.4814814814814814,25923.53
18,nomeas,1.4814814814814814,25389.36
18,nomeas,1.4814814814814814,25832.451
18,nomeas,1.4814814814814814,25323.629
18,nomeas,1.4814814814814814,26422.876
18,nomeas,1.4814814814814814,25930.458
18,nomeas,1.4814814814814814,25571.724
18,nomeas,1.4814814814814814,25950.116
18,nomeas,1.4814814814814814,26071.653
18,nomeas,1.4814814814814814,26114.65
18,nomeas,1.4814814814814814,25575.373
18,nomeas,1.4814814814814814,26466.414
18,nomeas,1.4814814814814814,26043.719
18,nomeas,1.4814814814814814,26898.193
18,nomeas,1.4814814814814814,25232.158
18,nomeas,1.4814814814814814,26479.9
18,nomeas,1.4814814814814814,26044.143
18,nomeas,1.5384615384615383,27739.537
18,nomeas,1.5384615384615383,27772.05
18,nomeas,1.5384615384615383,28172.446
18,nomeas,1.5384615384615383,27272.553
18,nomeas,1.5384615384615383,29517.961
18,nomeas,1.5384615384615383,28533.966
18,nomeas,1.5384615384615383,28240.241
18,nomeas,1.5384615384615383,27534.285
18,nomeas,1.5384615384615383,27957.741
18,nomeas,1.5384615384615383,27827.171
18,nomeas,1.5384615384615383,28815.092
18,nomeas,1.5384615384615383,28156.329
18,nomeas,1.5384615384615383,28040.737
18,nomeas,1.5384615384615383,27087.268
18,nomeas,1.5384615384615383,28298.718
18,nomeas,1.5384615384615383,29237.883
18,nomeas,1.5384615384615383,28253.21
18,nomeas,1.5384615384615383,28783.405
18,nomeas,1.5384615384615383,27689.698
18,nomeas,1.5384615384615383,27461.401
20,ES,1.176470588235294,24457.549
20,ES,1.176470588235294,23509.113
20,ES,1.176470588235294,25097.123
20,ES,1.176470588235294,24057.131
20,ES,1.176470588235294,24190.523
20,ES,1.176470588235294,23833.118
20,ES,1.176470588235294,25224.646
20,ES,1.176470588235294,23591.107
20,ES,1.176470588235294,24637.688
20,ES,1.176470588235294,23504.282
20,ES,1.176470588235294,24656.032
20,ES,1.176470588235294,25145.534
20,ES,1.176470588235294,25786.032
20,ES,1.176470588235294,24703.607
20,ES,1.176470588235294,25175.062
20,ES,1.176470588235294,24874.549
20,ES,1.176470588235294,25564.287
20,ES,1.176470588235294,24632.216
20,ES,1.176470588235294,25372.566
20,ES,1.176470588235294,23847.644
20,ES,1.2121212121212122,25098.939
20,ES,1.2121212121212122,25744.296
20,ES,1.2121212121212122,24985.122
20,ES,1.2121212121212122,25337.152
20,ES,1.2121212121212122,25997.799
20,ES,1.2121212121212122,24609.899
20,ES,1.2121212121212122,26040.752
20,ES,1.2121212121212122,25812.715
20,ES,1.2121212121212122,25959.835
20,ES,1.2121212121212122,25531.115
20,ES,1.2121212121212122,26200.774
20,ES,1.2121212121212122,29760.866
20,ES,1.2121212121212122,25587.469
20,ES,1.2121212121212122,25819.449
20,ES,1.2121212121212122,25805.294
20,ES,1.2121212121212122,25474.191
20,ES,1.2121212121212122,25712.617
20,ES,1.2121212121212122,24751.578
20,ES,1.2121212121212122,25140.488
20,ES,1.2121212121212122,25516.665
20,ES,1.25,28550.149
20,ES,1.25,27704.693
20,ES,1.25,28403.491
20,ES,1.25,28191.696
20,ES,1.25,28357.284
20,ES,1.25,28343.647
20,ES,1.25,28691.962
20,ES,1.25,28210.228
20,ES,1.25,28250.001
20,ES,1.25,27812.811
20,ES,1.25,28117.419
20,ES,1.25,27768.024
20,ES,1.25,28746.826
20,ES,1.25,30320.842
20,ES,1.25,29181.57
20,ES,1.25,27783.403
20,ES,1.25,28526.879
20,ES,1.25,28076.649
20,ES,1.25,27353.346
20,ES,1.25,28744.126
20,ES,1.2903225806451613,30429.357
20,ES,1.2903225806451613,29513.422
20,ES,1.2903225806451613,30969.169
20,ES,1.2903225806451613,29928.806
20,ES,1.2903225806451613,30724.831
20,ES,1.2903225806451613,30421.398
20,ES,1.2903225806451613,30055.223
20,ES,1.2903225806451613,30543.936
20,ES,1.2903225806451613,30017.438
20,ES,1.2903225806451613,31065.228
20,ES,1.2903225806451613,30405.994
20,ES,1.2903225806451613,30855.549
20,ES,1.2903225806451613,29334.641
20,ES,1.2903225806451613,28978.586
20,ES,1.2903225806451613,29713.842
20,ES,1.2903225806451613,29471.131
20,ES,1.2903225806451613,28927.469
20,ES,1.2903225806451613,30285.95
20,ES,1.2903225806451613,30055.618
20,ES,1.2903225806451613,28403.089
20,ES,1.3333333333333333,30735.253
20,ES,1.3333333333333333,29942.511
20,ES,1.3333333333333333,31713.952
20,ES,1.3333333333333333,31013.597
20,ES,1.3333333333333333,32453.177
20,ES,1.3333333333333333,31303.166
20,ES,1.3333333333333333,31597.214
20,ES,1.3333333333333333,30511.646
20,ES,1.3333333333333333,32862.06
20,ES,1.3333333333333333,31544.852
20,ES,1.3333333333333333,30380.066
20,ES,1.3333333333333333,31080
20,ES,1.3333333333333333,30147.665
20,ES,1.3333333333333333,29778.249
20,ES,1.3333333333333333,31692.243
20,ES,1.3333333333333333,30532.133
20,ES,1.3333333333333333,29881.252
20,ES,1.3333333333333333,30856.426
20,ES,1.3333333333333333,31353.544
20,ES,1.3333333333333333,31212.638
20,ES,1.3793103448275863,33311.917
20,ES,1.3793103448275863,31542.066
20,ES,1.3793103448275863,34092.763
20,ES,1.3793103448275863,32786.19
20,ES,1.3793103448275863,34824.505
20,ES,1.3793103448275863,32602.446
20,ES,1.3793103448275863,32847.381
20,ES,1.3793103448275863,34184.733
20,ES,1.3793103448275863,33357.839
20,ES,1.3793103448275863,32911.275
20,ES,1.3793103448275863,31593.336
20,ES,1.3793103448275863,31856.5
20,ES,1.3793103448275863,33327.041
20,ES,1.3793103448275863,34519.262
20,ES,1.3793103448275863,33294.878
20,ES,1.3793103448275863,32917.998
20,ES,1.3793103448275863,31941.577
20,ES,1.3793103448275863,32779.547
20,ES,1.3793103448275863,33693.545
20,ES,1.3793103448275863,34195.415
20,ES,1.4285714285714286,38302.626
20,ES,1.4285714285714286,35591.019
20,ES,1.4285714285714286,37229.529
20,ES,1.4285714285714286,36206.955
20,ES,1.4285714285714286,37962.4
20,ES,1.4285714285714286,34739.019
20,ES,1.4285714285714286,36948.267
20,ES,1.4285714285714286,34726.855
20,ES,1.4285714285714286,36226.315
20,ES,1.4285714285714286,36929.746
20,ES,1.4285714285714286,37316.914
20,ES,1.4285714285714286,35989.609
20,ES,1.4285714285714286,36341.754
20,ES,1.4285714285714286,35980.244
20,ES,1.4285714285714286,36052.064
20,ES,1.4285714285714286,34755.14
20,ES,1.4285714285714286,39116.053
20,ES,1.4285714285714286,34742.513
20,ES,1.4285714285714286,37004.069
20,ES,1.4285714285714286,34900.105
20,ES,1.4814814814814814,38430.634
20,ES,1.4814814814814814,39187.315
20,ES,1.4814814814814814,38337.241
20,ES,1.4814814814814814,37251.814
20,ES,1.4814814814814814,39262.67
20,ES,1.4814814814814814,40296.605
20,ES,1.4814814814814814,39367.076
20,ES,1.4814814814814814,41016.208
20,ES,1.4814814814814814,39610.347
20,ES,1.4814814814814814,40927.92
20,ES,1.4814814814814814,38580.684
20,ES,1.4814814814814814,40708.308
20,ES,1.4814814814814814,39596.158
20,ES,1.4814814814814814,39698.529
20,ES,1.4814814814814814,39762.666
20,ES,1.4814814814814814,39249.502
20,ES,1.4814814814814814,39070.039
20,ES,1.4814814814814814,39002.159
20,ES,1.4814814814814814,38947.237
20,ES,1.4814814814814814,39355.415
20,ES,1.5384615384615383,40082.964
20,ES,1.5384615384615383,41594.851
20,ES,1.5384615384615383,42330.945
20,ES,1.5384615384615383,41803.891
20,ES,1.5384615384615383,40956.333
20,ES,1.5384615384615383,43779.331
20,ES,1.5384615384615383,40881.556
20,ES,1.5384615384615383,39888.814
20,ES,1.5384615384615383,41130.863
20,ES,1.5384615384615383,40816.871
20,ES,1.5384615384615383,41479.75
20,ES,1.5384615384615383,43933.855
20,ES,1.5384615384615383,45492.866
20,ES,1.5384615384615383,42051.009
20,ES,1.5384615384615383,41295.768
20,ES,1.5384615384615383,42995.302
20,ES,1.5384615384615383,41589.914
20,ES,1.5384615384615383,41310.646
20,ES,1.5384615384615383,40565.109
20,ES,1.5384615384615383,41356.3
20,FS,1.176470588235294,25362.333
20,FS,1.176470588235294,24429.74
20,FS,1.176470588235294,25511.127
20,FS,1.176470588235294,25427.67
20,FS,1.176470588235294,25483.964
20,FS,1.176470588235294,25662.482
20,FS,1.176470588235294,27421.407
20,FS,1.176470588235294,25590.999
20,FS,1.176470588235294,26209.44
20,FS,1.176470588235294,25715.351
20,FS,1.176470588235294,25405.192
20,FS,1.176470588235294,25310.499
20,FS,1.176470588235294,26823.711
20,FS,1.176470588235294,25588.861
20,FS,1.176470588235294,25316.721
20,FS,1.176470588235294,25264.676
20,FS,1.176470588235294,25967.41
20,FS,1.176470588235294,24477.835
20,FS,1.176470588235294,27287.138
20,FS,1.176470588235294,25661.448
20,FS,1.2121212121212122,26054.215
20,FS,1.2121212121212122,25349.396
20,FS,1.2121212121212122,26891.448
20,FS,1.2121212121212122,25527.377
20,FS,1.2121212121212122,25338.54
20,FS,1.2121212121212122,27491.732
20,FS,1.2121212121212122,25957.582
20,FS,1.2121212121212122,25605.886
20,FS,1.2121212121212122,25936.556
20,FS,1.2121212121212122,27332.175
20,FS,1.2121212121212122,27148.808
20,FS,1.2121212121212122,26123.128
20,FS,1.2121212121212122,26383.408
20,FS,1.2121212121212122,25673.331
20,FS,1.2121212121212122,26744.022
20,FS,1.2121212121212122,26953.813
20,FS,1.2121212121212122,27052.017
20,FS,1.2121212121212122,25799.921
20,FS,1.2121212121212122,26690.027
20,FS,1.2121212121212122,26593.112
20,FS,1.25,29331.497
20,FS,1.25,28599.495
20,FS,1.25,28538.418
20,FS,1.25,28666.128
20,FS,1.25,28543.752
20,FS,1.25,29088.178
20,FS,1.25,28922.57
20,FS,1.25,28838.908
20,FS,1.25,30408.917
20,FS,1.25,29445.244
20,FS,1.25,29039.647
20,FS,1.25,28358.771
20,FS,1.25,28591.832
20,FS,1.25,28350.309
20,FS,1.25,29266.294
20,FS,1.25,29079.195
20,FS,1.25,28236.621
20,FS,1.25,28858.245
20,FS,1.25,28198.741
20,FS,1.25,28367.733
20,FS,1.2903225806451613,30696.726
20,FS,1.2903225806451613,30410
20,FS,1.2903225806451613,28717.078
20,FS,1.2903225806451613,29681.756
20,FS,1.2903225806451613,31833.792
20,FS,1.2903225806451613,30232.812
20,FS,1.2903225806451613,29269.661
20,FS,1.2903225806451613,29658.825
20,FS,1.2903225806451613,29934.298
20,FS,1.2903225806451613,29810.308
20,FS,1.2903225806451613,31532.295
20,FS,1.2903225806451613,29904.22
20,FS,1.2903225806451613,29635.649
20,FS,1.2903225806451613,29358.607
20,FS,1.2903225806451613,31029.386
20,FS,1.2903225806451613,30189.131
20,FS,1.2903225806451613,29203.952
20,FS,1.2903225806451613,30328.949
20,FS,1.2903225806451613,29604.074
20,FS,1.2903225806451613,30297.234
20,FS,1.3333333333333333,30765.404
20,FS,1.3333333333333333,32280.33
20,FS,1.3333333333333333,32262.587
20,FS,1.3333333333333333,33223.784
20,FS,1.3333333333333333,32393.758
20,FS,1.3333333333333333,32898.013
20,FS,1.3333333333333333,33907.366
20,FS,1.3333333333333333,31824.489
20,FS,1.3333333333333333,31259.737
20,FS,1.3333333333333333,31895.823
20,FS,1.3333333333333333,32724.207
20,FS,1.3333333333333333,32028.716
20,FS,1.3333333333333333,31638.058
20,FS,1.3333333333333333,32013.358
20,FS,1.3333333333333333,32468.673
20,FS,1.3333333333333333,32457.871
20,FS,1.3333333333333333,32011.662
20,FS,1.3333333333333333,32830.476
20,FS,1.3333333333333333,31877.418
20,FS,1.3333333333333333,33806.874
20,FS,1.3793103448275863,35043.124
20,FS,1.3793103448275863,33676.235
20,FS,1.3793103448275863,35547.196
20,FS,1.3793103448275863,34694.799
20,FS,1.3793103448275863,34448.865
20,FS,1.3793103448275863,33976.007
20,FS,1.3793103448275863,34052.854
20,FS,1.3793103448275863,34142.23
20,FS,1.3793103448275863,34602.578
20,FS,1.3793103448275863,34028.206
20,FS,1.3793103448275863,34554.509
20,FS,1.3793103448275863,33605.316
20,FS,1.3793103448275863,35163.171
20,FS,1.3793103448275863,35022.017
20,FS,1.3793103448275863,35827.447
20,FS,1.3793103448275863,32954.583
20,FS,1.3793103448275863,33917.799
20,FS,1.3793103448275863,35395.293
20,FS,1.3793103448275863,34246.615
20,FS,1.3793103448275863,34598.336
20,FS,1.4285714285714286,37492.765
20,FS,1.4285714285714286,35464.174
20,FS,1.4285714285714286,37741.682
20,FS,1.4285714285714286,39455.202
20,FS,1.4285714285714286,37772.641
20,FS,1.4285714285714286,37231.915
20,FS,1.4285714285714286,37277.499
20,FS,1.4285714285714286,37173.806
20,FS,1.4285714285714286,37400.753
20,FS,1.4285714285714286,38968.857
20,FS,1.4285714285714286,39673.211
20,FS,1.4285714285714286,37386.521
20,FS,1.4285714285714286,37532.257
20,FS,1.4285714285714286,37313.804
20,FS,1.4285714285714286,38314.871
20,FS,1.4285714285714286,36557.747
20,FS,1.4285714285714286,39215.153
20,FS,1.4285714285714286,37121.885
20,FS,1.4285714285714286,39563.959
20,FS,1.4285714285714286,37140.179
20,FS,1.4814814814814814,39907.849
20,FS,1.4814814814814814,40855.137
20,FS,1.4814814814814814,40134.511
20,FS,1.4814814814814814,41366.883
20,FS,1.4814814814814814,39848.354
20,FS,1.4814814814814814,39928.593
20,FS,1.4814814814814814,38740.667
20,FS,1.4814814814814814,39481.354
20,FS,1.4814814814814814,42178.505
20,FS,1.4814814814814814,40348.914
20,FS,1.4814814814814814,39972.649
20,FS,1.4814814814814814,39837.333
20,FS,1.4814814814814814,41094.908
20,FS,1.4814814814814814,39785.89
20,FS,1.4814814814814814,40374.982
20,FS,1.4814814814814814,41814.408
20,FS,1.4814814814814814,40897.707
20,FS,1.4814814814814814,40682.092
20,FS,1.4814814814814814,42969.227
20,FS,1.4814814814814814,41597.243
20,FS,1.5384615384615383,41829.1
20,FS,1.5384615384615383,44319.711
20,FS,1.5384615384615383,43036.111
20,FS,1.5384615384615383,44665.076
20,FS,1.5384615384615383,42446.563
20,FS,1.5384615384615383,44058.585
20,FS,1.5384615384615383,44396.011
20,FS,1.5384615384615383,43086.942
20,FS,1.5384615384615383,41430.441
20,FS,1.5384615384615383,45615.925
20,FS,1.5384615384615383,42887.943
20,FS,1.5384615384615383,45171.791
20,FS,1.5384615384615383,42521.957
20,FS,1.5384615384615383,42167.334
20,FS,1.5384615384615383,42949.113
20,FS,1.5384615384615383,42934.359
20,FS,1.5384615384615383,42327.972
20,FS,1.5384615384615383,43352.213
20,FS,1.5384615384615383,44598.774
20,FS,1.5384615384615383,42218.77
20,nomeas,1.176470588235294,24867.47
20,nomeas,1.176470588235294,23990.28
20,nomeas,1.176470588235294,25174.311
20,nomeas,1.176470588235294,23564.433
20,nomeas,1.176470588235294,24931.731
20,nomeas,1.176470588235294,24181.438
20,nomeas,1.176470588235294,25428.316
20,nomeas,1.176470588235294,24058.437
20,nomeas,1.176470588235294,25849.265
20,nomeas,1.176470588235294,24630.71
20,nomeas,1.176470588235294,24871.118
20,nomeas,1.176470588235294,25534.468
20,nomeas,1.176470588235294,24993.504
20,nomeas,1.176470588235294,25571.842
20,nomeas,1.176470588235294,24460.449
20,nomeas,1.176470588235294,23907.267
20,nomeas,1.176470588235294,23831.934
20,nomeas,1.176470588235294,23043.627
20,nomeas,1.176470588235294,23327.317
20,nomeas,1.176470588235294,23990.083
20,nomeas,1.2121212121212122,24752.521
20,nomeas,1.2121212121212122,26299.498
20,nomeas,1.2121212121212122,26293.604
20,nomeas,1.2121212121212122,25525.659
20,nomeas,1.2121212121212122,25325.074
20,nomeas,1.2121212121212122,25165.947
20,nomeas,1.2121212121212122,24948.364
20,nomeas,1.2121212121212122,24888.904
20,nomeas,1.2121212121212122,25359.576
20,nomeas,1.2121212121212122,24927.236
20,nomeas,1.2121212121212122,25331.746
20,nomeas,1.2121212121212122,25709.067
20,nomeas,1.2121212121212122,25830.861
20,nomeas,1.2121212121212122,25043.292
20,nomeas,1.2121212121212122,25181.26
20,nomeas,1.2121212121212122,25742.085
20,nomeas,1.2121212121212122,26386.377
20,nomeas,1.2121212121212122,26208.018
20,nomeas,1.2121212121212122,26064.723
20,nomeas,1.2121212121212122,25404.604
20,nomeas,1.25,27978.242
20,nomeas,1.25,29242.21
20,nomeas,1.25,27516.955
20,nomeas,1.25,28420.401
20,nomeas,1.25,28633.146
20,nomeas,1.25,27070.616
20,nomeas,1.25,28626.867
20,nomeas,1.25,28035.001
20,nomeas,1.25,27529.931
20,nomeas,1.25,27545.216
20,nomeas,1.25,26969.16
20,nomeas,1.25,28332.863
20,nomeas,1.25,28176.719
20,nomeas,1.25,27265.204
20,nomeas,1.25,27089.988
20,nomeas,1.25,28457.298
20,nomeas,1.25,27831.923
20,nomeas,1.25,27841.03
20,nomeas,1.25,26626.238
20,nomeas,1.25,28269.398
20,nomeas,1.2903225806451613,30163.496
20,nomeas,1.2903225806451613,28881.151
20,nomeas,1.2903225806451613,29665.104
20,nomeas,1.2903225806451613,29344.149
20,nomeas,1.2903225806451613,29177.518
20,nomeas,1.2903225806451613,30136.081
20,nomeas,1.2903225806451613,28519.573
20,nomeas,1.2903225806451613,28637.534
20,nomeas,1.2903225806451613,28664.563
20,nomeas,1.2903225806451613,28089.58
20,nomeas,1.2903225806451613,29230.086
20,nomeas,1.2903225806451613,29056.609
20,nomeas,1.2903225806451613,29736.395
20,nomeas,1.2903225806451613,28951.21
20,nomeas,1.2903225806451613,29818.906
20,nomeas,1.2903225806451613,29636.66
20,nomeas,1.2903225806451613,29020.586
20,nomeas,1.2903225806451613,27132.451
20,nomeas,1.2903225806451613,29974.414
20,nomeas,1.2903225806451613,30135.483
20,nomeas,1.3333333333333333,30680.765
20,nomeas,1.3333333333333333,30433.242
20,nomeas,1.3333333333333333,31989.609
20,nomeas,1.3333333333333333,31543.6
20,nomeas,1.3333333333333333,30777.451
20,nomeas,1.3333333333333333,31011.967
20,nomeas,1.3333333333333333,31002.256
20,nomeas,1.3333333333333333,30196.072
20,nomeas,1.3333333333333333,32483.231
20,nomeas,1.3333333333333333,32115.09
20,nomeas,1.3333333333333333,30313.608
20,nomeas,1.3333333333333333,32035.298
20,nomeas,1.3333333333333333,29613.805
20,nomeas,1.3333333333333333,31615.156
20,nomeas,1.3333333333333333,31477.081
20,nomeas,1.3333333333333333,31172.805
20,nomeas,1.3333333333333333,31715.535
20,nomeas,1.3333333333333333,31236.211
20,nomeas,1.3333333333333333,31348.83
20,nomeas,1.3333333333333333,31357.485
20,nomeas,1.3793103448275863,33887.055
20,nomeas,1.3793103448275863,32465.78
20,nomeas,1.3793103448275863,32978.474
20,nomeas,1.3793103448275863,33499.718
20,nomeas,1.3793103448275863,33284.474
20,nomeas,1.3793103448275863,32390.799
20,nomeas,1.3793103448275863,33123.994
20,nomeas,1.3793103448275863,34466.34
20,nomeas,1.3793103448275863,33747.378
20,nomeas,1.3793103448275863,32381.401
20,nomeas,1.3793103448275863,34772.861
20,nomeas,1.3793103448275863,34179.826
20,nomeas,1.3793103448275863,33913.105
20,nomeas,1.3793103448275863,33088.456
20,nomeas,1.3793103448275863,32828.244
20,nomeas,1.3793103448275863,32637.814
20,nomeas,1.3793103448275863,33925.577
20,nomeas,1.3793103448275863,32883.058
20,nomeas,1.3793103448275863,32931.932
20,nomeas,1.3793103448275863,33523.145
20,nomeas,1.4285714285714286,37108.651
20,nomeas,1.4285714285714286,35689.569
20,nomeas,1.4285714285714286,37268.68
20,nomeas,1.4285714285714286,37735.937
20,nomeas,1.4285714285714286,37709.163
20,nomeas,1.4285714285714286,35332.984
20,nomeas,1.4285714285714286,38030.568
20,nomeas,1.4285714285714286,35299.497
20,nomeas,1.4285714285714286,37242.675
20,nomeas,1.4285714285714286,36474.338
20,nomeas,1.4285714285714286,38410.054
20,nomeas,1.4285714285714286,36925.585
20,nomeas,1.4285714285714286,37862.045
20,nomeas,1.4285714285714286,37392.485
20,nomeas,1.4285714285714286,36196.204
20,nomeas,1.4285714285714286,34217.022
20,nomeas,1.4285714285714286,34236.953
20,nomeas,1.4285714285714286,34419.603
20,nomeas,1.4285714285714286,33831.649
20,nomeas,1.4285714285714286,35778.254
20,nomeas,1.4814814814814814,40465.119
20,nomeas,1.4814814814814814,37553.377
20,nomeas,1.4814814814814814,38654.187
20,nomeas,1.4814814814814814,38771.679
20,nomeas,1.4814814814814814,40178.625
20,nomeas,1.4814814814814814,38210.196
20,nomeas,1.4814814814814814,38412.315
20,nomeas,1.4814814814814814,38339.17
20,nomeas,1.4814814814814814,39563.526
20,nomeas,1.4814814814814814,38317.066
20,nomeas,1.4814814814814814,39382.412
20,nomeas,1.4814814814814814,38756.176
20,nomeas,1.4814814814814814,40669.58
20,nomeas,1.4814814814814814,38972.385
20,nomeas,1.4814814814814814,39375.226
20,nomeas,1.4814814814814814,40138.132
20,nomeas,1.4814814814814814,38375.47
20,nomeas,1.4814814814814814,37145.803
20,nomeas,1.4814814814814814,39073.991
20,nomeas,1.4814814814814814,36868.736
20,nomeas,1.5384615384615383,42275.93
20,nomeas,1.5384615384615383,41213.011
20,nomeas,1.5384615384615383,40695.158
20,nomeas,1.5384615384615383,40055.431
20,nomeas,1.5384615384615383,42246.999
20,nomeas,1.5384615384615383,40168.327
20,nomeas,1.5384615384615383,40956.989
20,nomeas,1.5384615384615383,41045.72
20,nomeas,1.5384615384615383,40087.427
20,nomeas,1.5384615384615383,39975.557
20,nomeas,1.5384615384615383,41704.241
20,nomeas,1.5384615384615383,42121.831
20,nomeas,1.5384615384615383,41269.871
20,nomeas,1.5384615384615383,40859.669
20,nomeas,1.5384615384615383,41487.842
20,nomeas,1.5384615384615383,41879.534
20,nomeas,1.5384615384615383,41012.441
20,nomeas,1.5384615384615383,40238.165
20,nomeas,1.5384615384615383,42123.876
20,nomeas,1.5384615384615383,42240.175
